Ratio Engine edge case log -- 1757 total events
CAGR turnaround flags: 28
ROCE cross-check anomalies (>10pp vs companies.roce_percentage): 21
Financial-sector companies (ROCE via sector-relative review): 23

DEBT_FREE_SUBSTITUTION company_id=ABB year=2012-12 interest=0 -> ICR set to sentinel 999.0
FCF_CONVERSION_HEAVY company_id=ABB year=2012-12 conversion=20.8% (<30% threshold, spec: 'heavy')
DEBT_FREE_SUBSTITUTION company_id=ABB year=2014-03 interest=0 -> ICR set to sentinel 999.0
CFO_QUALITY_ACCRUAL_RISK company_id=ABB year=2014-03 CFO/PAT=0.00 (<0.5 threshold)
FCF_CONVERSION_HEAVY company_id=ABB year=2014-03 conversion=0.0% (<30% threshold, spec: 'heavy')
DEBT_FREE_SUBSTITUTION company_id=ABB year=2015-03 interest=0 -> ICR set to sentinel 999.0
CFO_QUALITY_ACCRUAL_RISK company_id=ABB year=2015-03 CFO/PAT=-0.15 (<0.5 threshold)
CAPEX_INTENSITY_HIGH company_id=ABB year=2015-03 capex_intensity=81.4% (>8% threshold, spec: 'capital intensive')
FCF_CONVERSION_HEAVY company_id=ABB year=2015-03 conversion=-608.7% (<30% threshold, spec: 'heavy')
CAPEX_INTENSITY_HIGH company_id=ABB year=2016-03 capex_intensity=31.2% (>8% threshold, spec: 'capital intensive')
CAPEX_INTENSITY_HIGH company_id=ABB year=2017-03 capex_intensity=59.6% (>8% threshold, spec: 'capital intensive')
CAPEX_INTENSITY_HIGH company_id=ABB year=2018-03 capex_intensity=96.8% (>8% threshold, spec: 'capital intensive')
FCF_CONVERSION_HEAVY company_id=ABB year=2018-03 conversion=-189.3% (<30% threshold, spec: 'heavy')
CAPEX_INTENSITY_HIGH company_id=ABB year=2019-03 capex_intensity=82.9% (>8% threshold, spec: 'capital intensive')
FCF_CONVERSION_HEAVY company_id=ABB year=2019-03 conversion=-75.9% (<30% threshold, spec: 'heavy')
CAPEX_INTENSITY_HIGH company_id=ABB year=2020-03 capex_intensity=137.9% (>8% threshold, spec: 'capital intensive')
FCF_CONVERSION_HEAVY company_id=ABB year=2020-03 conversion=-27.2% (<30% threshold, spec: 'heavy')
CAPEX_INTENSITY_HIGH company_id=ABB year=2021-03 capex_intensity=93.0% (>8% threshold, spec: 'capital intensive')
FCF_CONVERSION_HEAVY company_id=ABB year=2021-03 conversion=-24.4% (<30% threshold, spec: 'heavy')
CAPEX_INTENSITY_HIGH company_id=ABB year=2022-03 capex_intensity=80.1% (>8% threshold, spec: 'capital intensive')
FCF_CONVERSION_HEAVY company_id=ABB year=2022-03 conversion=14.9% (<30% threshold, spec: 'heavy')
CAPEX_INTENSITY_HIGH company_id=ABB year=2023-03 capex_intensity=87.8% (>8% threshold, spec: 'capital intensive')
FCF_CONVERSION_HEAVY company_id=ABB year=2023-03 conversion=-76.5% (<30% threshold, spec: 'heavy')
CAPEX_INTENSITY_HIGH company_id=ABB year=2024-03 capex_intensity=84.5% (>8% threshold, spec: 'capital intensive')
DEBT_FREE_SUBSTITUTION company_id=ADANIENSOL year=2014-03 interest=0 -> ICR set to sentinel 999.0
NONE_RESULT field=net_profit_margin_pct company_id=ADANIENSOL year=2014-03
NONE_RESULT field=asset_turnover company_id=ADANIENSOL year=2014-03
CAPEX_INTENSITY_HIGH company_id=ADANIENSOL year=2015-03 capex_intensity=1422.9% (>8% threshold, spec: 'capital intensive')
FCF_CONVERSION_HEAVY company_id=ADANIENSOL year=2015-03 conversion=-1880.2% (<30% threshold, spec: 'heavy')
CAPEX_INTENSITY_HIGH company_id=ADANIENSOL year=2016-03 capex_intensity=37.2% (>8% threshold, spec: 'capital intensive')
CAPEX_INTENSITY_HIGH company_id=ADANIENSOL year=2017-03 capex_intensity=60.2% (>8% threshold, spec: 'capital intensive')
FCF_CONVERSION_HEAVY company_id=ADANIENSOL year=2017-03 conversion=23.1% (<30% threshold, spec: 'heavy')
CAPEX_INTENSITY_HIGH company_id=ADANIENSOL year=2018-03 capex_intensity=80.9% (>8% threshold, spec: 'capital intensive')
FCF_CONVERSION_HEAVY company_id=ADANIENSOL year=2018-03 conversion=-35.2% (<30% threshold, spec: 'heavy')
CAPEX_INTENSITY_HIGH company_id=ADANIENSOL year=2019-03 capex_intensity=41.8% (>8% threshold, spec: 'capital intensive')
FCF_CONVERSION_HEAVY company_id=ADANIENSOL year=2019-03 conversion=-16.5% (<30% threshold, spec: 'heavy')
CAPEX_INTENSITY_HIGH company_id=ADANIENSOL year=2020-03 capex_intensity=49.4% (>8% threshold, spec: 'capital intensive')
FCF_CONVERSION_HEAVY company_id=ADANIENSOL year=2020-03 conversion=-4.8% (<30% threshold, spec: 'heavy')
CAPEX_INTENSITY_HIGH company_id=ADANIENSOL year=2021-03 capex_intensity=40.4% (>8% threshold, spec: 'capital intensive')
FCF_CONVERSION_HEAVY company_id=ADANIENSOL year=2021-03 conversion=-5.7% (<30% threshold, spec: 'heavy')
CAPEX_INTENSITY_HIGH company_id=ADANIENSOL year=2022-03 capex_intensity=35.0% (>8% threshold, spec: 'capital intensive')
FCF_CONVERSION_HEAVY company_id=ADANIENSOL year=2022-03 conversion=3.8% (<30% threshold, spec: 'heavy')
CAPEX_INTENSITY_HIGH company_id=ADANIENSOL year=2023-03 capex_intensity=35.3% (>8% threshold, spec: 'capital intensive')
FCF_CONVERSION_HEAVY company_id=ADANIENSOL year=2023-03 conversion=-20.4% (<30% threshold, spec: 'heavy')
OPM_CROSS_CHECK_MISMATCH company_id=ADANIENSOL year=2024-03 computed=34.39 stated=30.0
CAPEX_INTENSITY_HIGH company_id=ADANIENSOL year=2024-03 capex_intensity=29.8% (>8% threshold, spec: 'capital intensive')
FCF_CONVERSION_HEAVY company_id=ADANIENSOL year=2024-03 conversion=19.2% (<30% threshold, spec: 'heavy')
CAPEX_INTENSITY_HIGH company_id=ADANIENT year=2013-03 capex_intensity=31.9% (>8% threshold, spec: 'capital intensive')
FCF_CONVERSION_HEAVY company_id=ADANIENT year=2013-03 conversion=-118.3% (<30% threshold, spec: 'heavy')
CAPEX_INTENSITY_HIGH company_id=ADANIENT year=2014-03 capex_intensity=14.6% (>8% threshold, spec: 'capital intensive')
FCF_CONVERSION_HEAVY company_id=ADANIENT year=2014-03 conversion=2.4% (<30% threshold, spec: 'heavy')
CAPEX_INTENSITY_HIGH company_id=ADANIENT year=2015-03 capex_intensity=17.8% (>8% threshold, spec: 'capital intensive')
FCF_CONVERSION_HEAVY company_id=ADANIENT year=2015-03 conversion=-23.6% (<30% threshold, spec: 'heavy')
FCF_CONVERSION_HEAVY company_id=ADANIENT year=2017-03 conversion=-36.1% (<30% threshold, spec: 'heavy')
CAPEX_INTENSITY_HIGH company_id=ADANIENT year=2018-03 capex_intensity=21.3% (>8% threshold, spec: 'capital intensive')
FCF_CONVERSION_HEAVY company_id=ADANIENT year=2018-03 conversion=-231.0% (<30% threshold, spec: 'heavy')
CAPEX_INTENSITY_HIGH company_id=ADANIENT year=2021-03 capex_intensity=21.8% (>8% threshold, spec: 'capital intensive')
FCF_CONVERSION_HEAVY company_id=ADANIENT year=2021-03 conversion=-182.3% (<30% threshold, spec: 'heavy')
CAPEX_INTENSITY_HIGH company_id=ADANIENT year=2022-03 capex_intensity=24.5% (>8% threshold, spec: 'capital intensive')
FCF_CONVERSION_HEAVY company_id=ADANIENT year=2022-03 conversion=-421.5% (<30% threshold, spec: 'heavy')
CAPEX_INTENSITY_HIGH company_id=ADANIENT year=2023-03 capex_intensity=12.1% (>8% threshold, spec: 'capital intensive')
FCF_CONVERSION_HEAVY company_id=ADANIENT year=2023-03 conversion=24.6% (<30% threshold, spec: 'heavy')
CAPEX_INTENSITY_HIGH company_id=ADANIENT year=2024-03 capex_intensity=19.5% (>8% threshold, spec: 'capital intensive')
FCF_CONVERSION_HEAVY company_id=ADANIENT year=2024-03 conversion=-74.3% (<30% threshold, spec: 'heavy')
CFO_QUALITY_ACCRUAL_RISK company_id=ADANIGREEN year=2017-03 CFO/PAT=-0.60 (<0.5 threshold)
CAPEX_INTENSITY_HIGH company_id=ADANIGREEN year=2017-03 capex_intensity=301.0% (>8% threshold, spec: 'capital intensive')
FCF_CONVERSION_HEAVY company_id=ADANIGREEN year=2017-03 conversion=-368.0% (<30% threshold, spec: 'heavy')
CFO_QUALITY_ACCRUAL_RISK company_id=ADANIGREEN year=2018-03 CFO/PAT=-4.70 (<0.5 threshold)
CAPEX_INTENSITY_HIGH company_id=ADANIGREEN year=2018-03 capex_intensity=299.2% (>8% threshold, spec: 'capital intensive')
FCF_CONVERSION_HEAVY company_id=ADANIGREEN year=2018-03 conversion=-448.3% (<30% threshold, spec: 'heavy')
CFO_QUALITY_ACCRUAL_RISK company_id=ADANIGREEN year=2019-03 CFO/PAT=-3.42 (<0.5 threshold)
CAPEX_INTENSITY_HIGH company_id=ADANIGREEN year=2019-03 capex_intensity=129.5% (>8% threshold, spec: 'capital intensive')
FCF_CONVERSION_HEAVY company_id=ADANIGREEN year=2019-03 conversion=-68.2% (<30% threshold, spec: 'heavy')
CFO_QUALITY_ACCRUAL_RISK company_id=ADANIGREEN year=2020-03 CFO/PAT=-28.90 (<0.5 threshold)
CAPEX_INTENSITY_HIGH company_id=ADANIGREEN year=2020-03 capex_intensity=146.8% (>8% threshold, spec: 'capital intensive')
FCF_CONVERSION_HEAVY company_id=ADANIGREEN year=2020-03 conversion=-122.6% (<30% threshold, spec: 'heavy')
CAPEX_INTENSITY_HIGH company_id=ADANIGREEN year=2021-03 capex_intensity=292.5% (>8% threshold, spec: 'capital intensive')
FCF_CONVERSION_HEAVY company_id=ADANIGREEN year=2021-03 conversion=-336.3% (<30% threshold, spec: 'heavy')
CAPEX_INTENSITY_HIGH company_id=ADANIGREEN year=2022-03 capex_intensity=364.9% (>8% threshold, spec: 'capital intensive')
FCF_CONVERSION_HEAVY company_id=ADANIGREEN year=2022-03 conversion=-444.3% (<30% threshold, spec: 'heavy')
CAPEX_INTENSITY_HIGH company_id=ADANIGREEN year=2023-03 capex_intensity=49.6% (>8% threshold, spec: 'capital intensive')
CAPEX_INTENSITY_HIGH company_id=ADANIGREEN year=2024-03 capex_intensity=228.4% (>8% threshold, spec: 'capital intensive')
FCF_CONVERSION_HEAVY company_id=ADANIGREEN year=2024-03 conversion=-182.4% (<30% threshold, spec: 'heavy')
CAPEX_INTENSITY_HIGH company_id=ADANIPORTS year=2013-03 capex_intensity=143.6% (>8% threshold, spec: 'capital intensive')
FCF_CONVERSION_HEAVY company_id=ADANIPORTS year=2013-03 conversion=-157.7% (<30% threshold, spec: 'heavy')
CAPEX_INTENSITY_HIGH company_id=ADANIPORTS year=2014-03 capex_intensity=52.0% (>8% threshold, spec: 'capital intensive')
FCF_CONVERSION_HEAVY company_id=ADANIPORTS year=2014-03 conversion=-47.2% (<30% threshold, spec: 'heavy')
CAPEX_INTENSITY_HIGH company_id=ADANIPORTS year=2015-03 capex_intensity=40.4% (>8% threshold, spec: 'capital intensive')
FCF_CONVERSION_HEAVY company_id=ADANIPORTS year=2015-03 conversion=14.7% (<30% threshold, spec: 'heavy')
CAPEX_INTENSITY_HIGH company_id=ADANIPORTS year=2016-03 capex_intensity=58.4% (>8% threshold, spec: 'capital intensive')
FCF_CONVERSION_HEAVY company_id=ADANIPORTS year=2016-03 conversion=-38.7% (<30% threshold, spec: 'heavy')
CAPEX_INTENSITY_HIGH company_id=ADANIPORTS year=2017-03 capex_intensity=31.2% (>8% threshold, spec: 'capital intensive')
FCF_CONVERSION_HEAVY company_id=ADANIPORTS year=2017-03 conversion=26.5% (<30% threshold, spec: 'heavy')
CAPEX_INTENSITY_HIGH company_id=ADANIPORTS year=2018-03 capex_intensity=34.0% (>8% threshold, spec: 'capital intensive')
FCF_CONVERSION_HEAVY company_id=ADANIPORTS year=2018-03 conversion=24.6% (<30% threshold, spec: 'heavy')
CAPEX_INTENSITY_HIGH company_id=ADANIPORTS year=2019-03 capex_intensity=40.0% (>8% threshold, spec: 'capital intensive')
FCF_CONVERSION_HEAVY company_id=ADANIPORTS year=2019-03 conversion=25.2% (<30% threshold, spec: 'heavy')
CAPEX_INTENSITY_HIGH company_id=ADANIPORTS year=2021-03 capex_intensity=112.1% (>8% threshold, spec: 'capital intensive')
FCF_CONVERSION_HEAVY company_id=ADANIPORTS year=2021-03 conversion=-74.9% (<30% threshold, spec: 'heavy')
CAPEX_INTENSITY_HIGH company_id=ADANIPORTS year=2022-03 capex_intensity=32.1% (>8% threshold, spec: 'capital intensive')
CAPEX_INTENSITY_HIGH company_id=ADANIPORTS year=2023-03 capex_intensity=80.2% (>8% threshold, spec: 'capital intensive')
FCF_CONVERSION_HEAVY company_id=ADANIPORTS year=2023-03 conversion=-44.0% (<30% threshold, spec: 'heavy')
CAPEX_INTENSITY_HIGH company_id=ADANIPORTS year=2024-03 capex_intensity=25.3% (>8% threshold, spec: 'capital intensive')
CFO_QUALITY_ACCRUAL_RISK company_id=ADANIPOWER year=2013-03 CFO/PAT=-1.31 (<0.5 threshold)
CAPEX_INTENSITY_HIGH company_id=ADANIPOWER year=2013-03 capex_intensity=60.7% (>8% threshold, spec: 'capital intensive')
FCF_CONVERSION_HEAVY company_id=ADANIPOWER year=2013-03 conversion=-110.7% (<30% threshold, spec: 'heavy')
CFO_QUALITY_ACCRUAL_RISK company_id=ADANIPOWER year=2014-03 CFO/PAT=-11.13 (<0.5 threshold)
CAPEX_INTENSITY_HIGH company_id=ADANIPOWER year=2014-03 capex_intensity=30.7% (>8% threshold, spec: 'capital intensive')
FCF_CONVERSION_HEAVY company_id=ADANIPOWER year=2014-03 conversion=-31.8% (<30% threshold, spec: 'heavy')
CFO_QUALITY_ACCRUAL_RISK company_id=ADANIPOWER year=2015-03 CFO/PAT=-7.14 (<0.5 threshold)
CAPEX_INTENSITY_HIGH company_id=ADANIPOWER year=2015-03 capex_intensity=25.4% (>8% threshold, spec: 'capital intensive')
FCF_CONVERSION_HEAVY company_id=ADANIPOWER year=2015-03 conversion=23.2% (<30% threshold, spec: 'heavy')
CAPEX_INTENSITY_HIGH company_id=ADANIPOWER year=2016-03 capex_intensity=10.6% (>8% threshold, spec: 'capital intensive')
FCF_CONVERSION_HEAVY company_id=ADANIPOWER year=2016-03 conversion=29.1% (<30% threshold, spec: 'heavy')
CFO_QUALITY_ACCRUAL_RISK company_id=ADANIPOWER year=2017-03 CFO/PAT=-0.77 (<0.5 threshold)
CFO_QUALITY_ACCRUAL_RISK company_id=ADANIPOWER year=2018-03 CFO/PAT=-2.43 (<0.5 threshold)
CFO_QUALITY_ACCRUAL_RISK company_id=ADANIPOWER year=2019-03 CFO/PAT=-5.70 (<0.5 threshold)
CFO_QUALITY_ACCRUAL_RISK company_id=ADANIPOWER year=2020-03 CFO/PAT=-2.46 (<0.5 threshold)
CAPEX_INTENSITY_HIGH company_id=ADANIPOWER year=2020-03 capex_intensity=8.7% (>8% threshold, spec: 'capital intensive')
CAPEX_INTENSITY_HIGH company_id=ADANIPOWER year=2021-03 capex_intensity=8.3% (>8% threshold, spec: 'capital intensive')
CAPEX_INTENSITY_HIGH company_id=AMBUJACEM year=2016-12 capex_intensity=20.7% (>8% threshold, spec: 'capital intensive')
FCF_CONVERSION_HEAVY company_id=AMBUJACEM year=2016-12 conversion=-42.6% (<30% threshold, spec: 'heavy')
FCF_CONVERSION_HEAVY company_id=AMBUJACEM year=2018-12 conversion=23.4% (<30% threshold, spec: 'heavy')
CAPEX_INTENSITY_HIGH company_id=AMBUJACEM year=2024-03 capex_intensity=27.0% (>8% threshold, spec: 'capital intensive')
FCF_CONVERSION_HEAVY company_id=AMBUJACEM year=2024-03 conversion=-51.5% (<30% threshold, spec: 'heavy')
CAPEX_INTENSITY_HIGH company_id=APOLLOHOSP year=2013-03 capex_intensity=19.4% (>8% threshold, spec: 'capital intensive')
FCF_CONVERSION_HEAVY company_id=APOLLOHOSP year=2013-03 conversion=-47.4% (<30% threshold, spec: 'heavy')
CAPEX_INTENSITY_HIGH company_id=APOLLOHOSP year=2014-03 capex_intensity=8.2% (>8% threshold, spec: 'capital intensive')
FCF_CONVERSION_HEAVY company_id=APOLLOHOSP year=2014-03 conversion=2.5% (<30% threshold, spec: 'heavy')
CAPEX_INTENSITY_HIGH company_id=APOLLOHOSP year=2015-03 capex_intensity=14.8% (>8% threshold, spec: 'capital intensive')
FCF_CONVERSION_HEAVY company_id=APOLLOHOSP year=2015-03 conversion=-39.2% (<30% threshold, spec: 'heavy')
CAPEX_INTENSITY_HIGH company_id=APOLLOHOSP year=2016-03 capex_intensity=14.4% (>8% threshold, spec: 'capital intensive')
FCF_CONVERSION_HEAVY company_id=APOLLOHOSP year=2016-03 conversion=-42.5% (<30% threshold, spec: 'heavy')
CAPEX_INTENSITY_HIGH company_id=APOLLOHOSP year=2017-03 capex_intensity=15.9% (>8% threshold, spec: 'capital intensive')
FCF_CONVERSION_HEAVY company_id=APOLLOHOSP year=2017-03 conversion=-72.1% (<30% threshold, spec: 'heavy')
FCF_CONVERSION_HEAVY company_id=APOLLOHOSP year=2018-03 conversion=16.5% (<30% threshold, spec: 'heavy')
FCF_CONVERSION_HEAVY company_id=APOLLOHOSP year=2019-03 conversion=18.1% (<30% threshold, spec: 'heavy')
CAPEX_INTENSITY_HIGH company_id=APOLLOHOSP year=2021-03 capex_intensity=8.3% (>8% threshold, spec: 'capital intensive')
FCF_CONVERSION_HEAVY company_id=APOLLOHOSP year=2023-03 conversion=25.2% (<30% threshold, spec: 'heavy')
CAPEX_INTENSITY_HIGH company_id=APOLLOHOSP year=2024-03 capex_intensity=8.1% (>8% threshold, spec: 'capital intensive')
FCF_CONVERSION_HEAVY company_id=APOLLOHOSP year=2024-03 conversion=16.0% (<30% threshold, spec: 'heavy')
FCF_CONVERSION_HEAVY company_id=ASIANPAINT year=2017-03 conversion=28.3% (<30% threshold, spec: 'heavy')
CAPEX_INTENSITY_HIGH company_id=ASIANPAINT year=2018-03 capex_intensity=9.2% (>8% threshold, spec: 'capital intensive')
FCF_CONVERSION_HEAVY company_id=ASIANPAINT year=2018-03 conversion=17.4% (<30% threshold, spec: 'heavy')
CFO_QUALITY_ACCRUAL_RISK company_id=ASIANPAINT year=2022-03 CFO/PAT=0.32 (<0.5 threshold)
FCF_CONVERSION_HEAVY company_id=ASIANPAINT year=2022-03 conversion=13.9% (<30% threshold, spec: 'heavy')
FCF_CONVERSION_HEAVY company_id=BAJAJ-AUTO year=2013-03 conversion=22.5% (<30% threshold, spec: 'heavy')
CAPEX_INTENSITY_HIGH company_id=BAJAJ-AUTO year=2014-03 capex_intensity=10.3% (>8% threshold, spec: 'capital intensive')
CAPEX_INTENSITY_HIGH company_id=BAJAJ-AUTO year=2017-03 capex_intensity=16.6% (>8% threshold, spec: 'capital intensive')
FCF_CONVERSION_HEAVY company_id=BAJAJ-AUTO year=2017-03 conversion=-7.7% (<30% threshold, spec: 'heavy')
CAPEX_INTENSITY_HIGH company_id=BAJAJ-AUTO year=2021-03 capex_intensity=10.3% (>8% threshold, spec: 'capital intensive')
FCF_CONVERSION_HEAVY company_id=BAJAJ-AUTO year=2021-03 conversion=5.1% (<30% threshold, spec: 'heavy')
OPM_CROSS_CHECK_MISMATCH company_id=AXISBANK year=2013-03 computed=30.58 stated=1353.0
CFO_QUALITY_ACCRUAL_RISK company_id=AXISBANK year=2013-03 CFO/PAT=0.50 (<0.5 threshold)
CAPEX_INTENSITY_HIGH company_id=AXISBANK year=2013-03 capex_intensity=40.2% (>8% threshold, spec: 'capital intensive')
FCF_CONVERSION_HEAVY company_id=AXISBANK year=2013-03 conversion=-100.6% (<30% threshold, spec: 'heavy')
OPM_CROSS_CHECK_MISMATCH company_id=AXISBANK year=2014-03 computed=31.47 stated=2307.0
CAPEX_INTENSITY_HIGH company_id=AXISBANK year=2014-03 capex_intensity=46.2% (>8% threshold, spec: 'capital intensive')
FCF_CONVERSION_HEAVY company_id=AXISBANK year=2014-03 conversion=3.1% (<30% threshold, spec: 'heavy')
OPM_CROSS_CHECK_MISMATCH company_id=AXISBANK year=2015-03 computed=31.36 stated=3097.0
CFO_QUALITY_ACCRUAL_RISK company_id=AXISBANK year=2015-03 CFO/PAT=-2.06 (<0.5 threshold)
CAPEX_INTENSITY_HIGH company_id=AXISBANK year=2015-03 capex_intensity=22.5% (>8% threshold, spec: 'capital intensive')
FCF_CONVERSION_HEAVY company_id=AXISBANK year=2015-03 conversion=-207.9% (<30% threshold, spec: 'heavy')
OPM_CROSS_CHECK_MISMATCH company_id=AXISBANK year=2016-03 computed=32.61 stated=3466.0
CFO_QUALITY_ACCRUAL_RISK company_id=AXISBANK year=2016-03 CFO/PAT=-4.19 (<0.5 threshold)
CAPEX_INTENSITY_HIGH company_id=AXISBANK year=2016-03 capex_intensity=22.5% (>8% threshold, spec: 'capital intensive')
FCF_CONVERSION_HEAVY company_id=AXISBANK year=2016-03 conversion=-189.2% (<30% threshold, spec: 'heavy')
OPM_CROSS_CHECK_MISMATCH company_id=AXISBANK year=2017-03 computed=53.45 stated=-5715.0
CAPEX_INTENSITY_HIGH company_id=AXISBANK year=2017-03 capex_intensity=28.0% (>8% threshold, spec: 'capital intensive')
OPM_CROSS_CHECK_MISMATCH company_id=AXISBANK year=2018-03 computed=63.12 stated=-10277.0
CFO_QUALITY_ACCRUAL_RISK company_id=AXISBANK year=2018-03 CFO/PAT=-139.09 (<0.5 threshold)
CAPEX_INTENSITY_HIGH company_id=AXISBANK year=2018-03 capex_intensity=21.9% (>8% threshold, spec: 'capital intensive')
FCF_CONVERSION_HEAVY company_id=AXISBANK year=2018-03 conversion=-167.5% (<30% threshold, spec: 'heavy')
OPM_CROSS_CHECK_MISMATCH company_id=AXISBANK year=2019-03 computed=49.39 stated=-5447.0
CAPEX_INTENSITY_HIGH company_id=AXISBANK year=2019-03 capex_intensity=34.0% (>8% threshold, spec: 'capital intensive')
OPM_CROSS_CHECK_MISMATCH company_id=AXISBANK year=2020-03 computed=55.98 stated=-9859.0
CAPEX_INTENSITY_HIGH company_id=AXISBANK year=2020-03 capex_intensity=15.1% (>8% threshold, spec: 'capital intensive')
OPM_CROSS_CHECK_MISMATCH company_id=AXISBANK year=2021-03 computed=50.12 stated=-2510.0
CAPEX_INTENSITY_HIGH company_id=AXISBANK year=2021-03 capex_intensity=85.7% (>8% threshold, spec: 'capital intensive')
FCF_CONVERSION_HEAVY company_id=AXISBANK year=2021-03 conversion=-131.2% (<30% threshold, spec: 'heavy')
OPM_CROSS_CHECK_MISMATCH company_id=AXISBANK year=2022-03 computed=44.47 stated=3170.0
CAPEX_INTENSITY_HIGH company_id=AXISBANK year=2022-03 capex_intensity=40.2% (>8% threshold, spec: 'capital intensive')
FCF_CONVERSION_HEAVY company_id=AXISBANK year=2022-03 conversion=3.4% (<30% threshold, spec: 'heavy')
OPM_CROSS_CHECK_MISMATCH company_id=AXISBANK year=2023-03 computed=34.16 stated=13857.0
CAPEX_INTENSITY_HIGH company_id=AXISBANK year=2023-03 capex_intensity=38.0% (>8% threshold, spec: 'capital intensive')
FCF_CONVERSION_HEAVY company_id=AXISBANK year=2023-03 conversion=-35.3% (<30% threshold, spec: 'heavy')
OPM_CROSS_CHECK_MISMATCH company_id=AXISBANK year=2024-03 computed=34.69 stated=11952.0
CFO_QUALITY_ACCRUAL_RISK company_id=AXISBANK year=2024-03 CFO/PAT=-0.22 (<0.5 threshold)
CAPEX_INTENSITY_HIGH company_id=AXISBANK year=2024-03 capex_intensity=8.2% (>8% threshold, spec: 'capital intensive')
FCF_CONVERSION_HEAVY company_id=AXISBANK year=2024-03 conversion=-38.4% (<30% threshold, spec: 'heavy')
CFO_QUALITY_ACCRUAL_RISK company_id=BAJAJFINSV year=2013-03 CFO/PAT=-3.13 (<0.5 threshold)
CAPEX_INTENSITY_HIGH company_id=BAJAJFINSV year=2013-03 capex_intensity=36.7% (>8% threshold, spec: 'capital intensive')
FCF_CONVERSION_HEAVY company_id=BAJAJFINSV year=2013-03 conversion=-101.0% (<30% threshold, spec: 'heavy')
CFO_QUALITY_ACCRUAL_RISK company_id=BAJAJFINSV year=2014-03 CFO/PAT=-4.48 (<0.5 threshold)
CAPEX_INTENSITY_HIGH company_id=BAJAJFINSV year=2014-03 capex_intensity=62.5% (>8% threshold, spec: 'capital intensive')
FCF_CONVERSION_HEAVY company_id=BAJAJFINSV year=2014-03 conversion=-134.6% (<30% threshold, spec: 'heavy')
CFO_QUALITY_ACCRUAL_RISK company_id=BAJAJFINSV year=2015-03 CFO/PAT=-4.45 (<0.5 threshold)
CAPEX_INTENSITY_HIGH company_id=BAJAJFINSV year=2015-03 capex_intensity=32.7% (>8% threshold, spec: 'capital intensive')
FCF_CONVERSION_HEAVY company_id=BAJAJFINSV year=2015-03 conversion=-127.4% (<30% threshold, spec: 'heavy')
CFO_QUALITY_ACCRUAL_RISK company_id=BAJAJFINSV year=2016-03 CFO/PAT=-3.53 (<0.5 threshold)
FCF_CONVERSION_HEAVY company_id=BAJAJFINSV year=2016-03 conversion=-158.5% (<30% threshold, spec: 'heavy')
CFO_QUALITY_ACCRUAL_RISK company_id=BAJAJFINSV year=2017-03 CFO/PAT=-3.17 (<0.5 threshold)
FCF_CONVERSION_HEAVY company_id=BAJAJFINSV year=2017-03 conversion=-123.6% (<30% threshold, spec: 'heavy')
CFO_QUALITY_ACCRUAL_RISK company_id=BAJAJFINSV year=2018-03 CFO/PAT=-4.69 (<0.5 threshold)
FCF_CONVERSION_HEAVY company_id=BAJAJFINSV year=2018-03 conversion=-190.0% (<30% threshold, spec: 'heavy')
CFO_QUALITY_ACCRUAL_RISK company_id=BAJAJFINSV year=2019-03 CFO/PAT=-5.04 (<0.5 threshold)
CAPEX_INTENSITY_HIGH company_id=BAJAJFINSV year=2019-03 capex_intensity=16.2% (>8% threshold, spec: 'capital intensive')
FCF_CONVERSION_HEAVY company_id=BAJAJFINSV year=2019-03 conversion=-226.0% (<30% threshold, spec: 'heavy')
CFO_QUALITY_ACCRUAL_RISK company_id=BAJAJFINSV year=2020-03 CFO/PAT=-3.90 (<0.5 threshold)
CAPEX_INTENSITY_HIGH company_id=BAJAJFINSV year=2020-03 capex_intensity=18.3% (>8% threshold, spec: 'capital intensive')
FCF_CONVERSION_HEAVY company_id=BAJAJFINSV year=2020-03 conversion=-182.5% (<30% threshold, spec: 'heavy')
FCF_CONVERSION_HEAVY company_id=BAJAJFINSV year=2021-03 conversion=4.4% (<30% threshold, spec: 'heavy')
CFO_QUALITY_ACCRUAL_RISK company_id=BAJAJFINSV year=2022-03 CFO/PAT=-4.05 (<0.5 threshold)
FCF_CONVERSION_HEAVY company_id=BAJAJFINSV year=2022-03 conversion=-150.2% (<30% threshold, spec: 'heavy')
CFO_QUALITY_ACCRUAL_RISK company_id=BAJAJFINSV year=2023-03 CFO/PAT=-3.23 (<0.5 threshold)
CAPEX_INTENSITY_HIGH company_id=BAJAJFINSV year=2023-03 capex_intensity=17.0% (>8% threshold, spec: 'capital intensive')
FCF_CONVERSION_HEAVY company_id=BAJAJFINSV year=2023-03 conversion=-178.9% (<30% threshold, spec: 'heavy')
CFO_QUALITY_ACCRUAL_RISK company_id=BAJAJFINSV year=2024-03 CFO/PAT=-4.40 (<0.5 threshold)
CAPEX_INTENSITY_HIGH company_id=BAJAJFINSV year=2024-03 capex_intensity=9.9% (>8% threshold, spec: 'capital intensive')
FCF_CONVERSION_HEAVY company_id=BAJAJFINSV year=2024-03 conversion=-194.8% (<30% threshold, spec: 'heavy')
DEBT_FREE_SUBSTITUTION company_id=BAJAJHLDNG year=2013-03 interest=0 -> ICR set to sentinel 999.0
CFO_QUALITY_ACCRUAL_RISK company_id=BAJAJHLDNG year=2013-03 CFO/PAT=0.25 (<0.5 threshold)
CAPEX_INTENSITY_HIGH company_id=BAJAJHLDNG year=2013-03 capex_intensity=109.5% (>8% threshold, spec: 'capital intensive')
DEBT_FREE_SUBSTITUTION company_id=BAJAJHLDNG year=2014-03 interest=0 -> ICR set to sentinel 999.0
CFO_QUALITY_ACCRUAL_RISK company_id=BAJAJHLDNG year=2014-03 CFO/PAT=0.44 (<0.5 threshold)
CAPEX_INTENSITY_HIGH company_id=BAJAJHLDNG year=2014-03 capex_intensity=122.7% (>8% threshold, spec: 'capital intensive')
DEBT_FREE_SUBSTITUTION company_id=BAJAJHLDNG year=2015-03 interest=0 -> ICR set to sentinel 999.0
CFO_QUALITY_ACCRUAL_RISK company_id=BAJAJHLDNG year=2015-03 CFO/PAT=0.39 (<0.5 threshold)
CAPEX_INTENSITY_HIGH company_id=BAJAJHLDNG year=2015-03 capex_intensity=88.5% (>8% threshold, spec: 'capital intensive')
DEBT_FREE_SUBSTITUTION company_id=BAJAJHLDNG year=2016-03 interest=0 -> ICR set to sentinel 999.0
CAPEX_INTENSITY_HIGH company_id=BAJAJHLDNG year=2016-03 capex_intensity=216.8% (>8% threshold, spec: 'capital intensive')
DEBT_FREE_SUBSTITUTION company_id=BAJAJHLDNG year=2017-03 interest=0 -> ICR set to sentinel 999.0
CFO_QUALITY_ACCRUAL_RISK company_id=BAJAJHLDNG year=2017-03 CFO/PAT=-0.37 (<0.5 threshold)
CAPEX_INTENSITY_HIGH company_id=BAJAJHLDNG year=2017-03 capex_intensity=44.2% (>8% threshold, spec: 'capital intensive')
FCF_CONVERSION_HEAVY company_id=BAJAJHLDNG year=2017-03 conversion=-206.2% (<30% threshold, spec: 'heavy')
DEBT_FREE_SUBSTITUTION company_id=BAJAJHLDNG year=2018-03 interest=0 -> ICR set to sentinel 999.0
CAPEX_INTENSITY_HIGH company_id=BAJAJHLDNG year=2018-03 capex_intensity=267.4% (>8% threshold, spec: 'capital intensive')
DEBT_FREE_SUBSTITUTION company_id=BAJAJHLDNG year=2019-03 interest=0 -> ICR set to sentinel 999.0
CFO_QUALITY_ACCRUAL_RISK company_id=BAJAJHLDNG year=2019-03 CFO/PAT=0.21 (<0.5 threshold)
CAPEX_INTENSITY_HIGH company_id=BAJAJHLDNG year=2019-03 capex_intensity=37.8% (>8% threshold, spec: 'capital intensive')
CAPEX_INTENSITY_HIGH company_id=BAJAJHLDNG year=2020-03 capex_intensity=183.9% (>8% threshold, spec: 'capital intensive')
CFO_QUALITY_ACCRUAL_RISK company_id=BAJAJHLDNG year=2021-03 CFO/PAT=0.07 (<0.5 threshold)
CAPEX_INTENSITY_HIGH company_id=BAJAJHLDNG year=2021-03 capex_intensity=67.4% (>8% threshold, spec: 'capital intensive')
FCF_CONVERSION_HEAVY company_id=BAJAJHLDNG year=2021-03 conversion=-10.2% (<30% threshold, spec: 'heavy')
CFO_QUALITY_ACCRUAL_RISK company_id=BAJAJHLDNG year=2022-03 CFO/PAT=0.39 (<0.5 threshold)
CAPEX_INTENSITY_HIGH company_id=BAJAJHLDNG year=2022-03 capex_intensity=31.2% (>8% threshold, spec: 'capital intensive')
CFO_QUALITY_ACCRUAL_RISK company_id=BAJAJHLDNG year=2023-03 CFO/PAT=0.35 (<0.5 threshold)
CAPEX_INTENSITY_HIGH company_id=BAJAJHLDNG year=2023-03 capex_intensity=26.2% (>8% threshold, spec: 'capital intensive')
CFO_QUALITY_ACCRUAL_RISK company_id=BAJAJHLDNG year=2024-03 CFO/PAT=0.26 (<0.5 threshold)
CAPEX_INTENSITY_HIGH company_id=BAJAJHLDNG year=2024-03 capex_intensity=27.7% (>8% threshold, spec: 'capital intensive')
OPM_CROSS_CHECK_MISMATCH company_id=BAJFINANCE year=2015-03 computed=32.49 stated=1367.0
CFO_QUALITY_ACCRUAL_RISK company_id=BAJFINANCE year=2015-03 CFO/PAT=-7.87 (<0.5 threshold)
FCF_CONVERSION_HEAVY company_id=BAJFINANCE year=2015-03 conversion=-423.7% (<30% threshold, spec: 'heavy')
OPM_CROSS_CHECK_MISMATCH company_id=BAJFINANCE year=2016-03 computed=32.25 stated=1986.0
CFO_QUALITY_ACCRUAL_RISK company_id=BAJFINANCE year=2016-03 CFO/PAT=-7.72 (<0.5 threshold)
CAPEX_INTENSITY_HIGH company_id=BAJFINANCE year=2016-03 capex_intensity=9.4% (>8% threshold, spec: 'capital intensive')
FCF_CONVERSION_HEAVY company_id=BAJFINANCE year=2016-03 conversion=-448.5% (<30% threshold, spec: 'heavy')
OPM_CROSS_CHECK_MISMATCH company_id=BAJFINANCE year=2017-03 computed=32.60 stated=2867.0
CFO_QUALITY_ACCRUAL_RISK company_id=BAJFINANCE year=2017-03 CFO/PAT=-5.69 (<0.5 threshold)
CAPEX_INTENSITY_HIGH company_id=BAJFINANCE year=2017-03 capex_intensity=30.6% (>8% threshold, spec: 'capital intensive')
FCF_CONVERSION_HEAVY company_id=BAJFINANCE year=2017-03 conversion=-415.0% (<30% threshold, spec: 'heavy')
OPM_CROSS_CHECK_MISMATCH company_id=BAJFINANCE year=2018-03 computed=32.28 stated=3935.0
CFO_QUALITY_ACCRUAL_RISK company_id=BAJFINANCE year=2018-03 CFO/PAT=-8.24 (<0.5 threshold)
CAPEX_INTENSITY_HIGH company_id=BAJFINANCE year=2018-03 capex_intensity=8.4% (>8% threshold, spec: 'capital intensive')
FCF_CONVERSION_HEAVY company_id=BAJFINANCE year=2018-03 conversion=-473.7% (<30% threshold, spec: 'heavy')
OPM_CROSS_CHECK_MISMATCH company_id=BAJFINANCE year=2019-03 computed=29.50 stated=6310.0
CFO_QUALITY_ACCRUAL_RISK company_id=BAJFINANCE year=2019-03 CFO/PAT=-7.27 (<0.5 threshold)
CAPEX_INTENSITY_HIGH company_id=BAJFINANCE year=2019-03 capex_intensity=29.1% (>8% threshold, spec: 'capital intensive')
FCF_CONVERSION_HEAVY company_id=BAJFINANCE year=2019-03 conversion=-631.5% (<30% threshold, spec: 'heavy')
OPM_CROSS_CHECK_MISMATCH company_id=BAJFINANCE year=2020-03 computed=34.73 stated=7608.0
CFO_QUALITY_ACCRUAL_RISK company_id=BAJFINANCE year=2020-03 CFO/PAT=-4.64 (<0.5 threshold)
CAPEX_INTENSITY_HIGH company_id=BAJFINANCE year=2020-03 capex_intensity=33.2% (>8% threshold, spec: 'capital intensive')
FCF_CONVERSION_HEAVY company_id=BAJFINANCE year=2020-03 conversion=-362.2% (<30% threshold, spec: 'heavy')
OPM_CROSS_CHECK_MISMATCH company_id=BAJFINANCE year=2021-03 computed=40.64 stated=6314.0
CFO_QUALITY_ACCRUAL_RISK company_id=BAJFINANCE year=2021-03 CFO/PAT=-0.18 (<0.5 threshold)
FCF_CONVERSION_HEAVY company_id=BAJFINANCE year=2021-03 conversion=-11.4% (<30% threshold, spec: 'heavy')
OPM_CROSS_CHECK_MISMATCH company_id=BAJFINANCE year=2022-03 computed=37.55 stated=9906.0
CFO_QUALITY_ACCRUAL_RISK company_id=BAJFINANCE year=2022-03 CFO/PAT=-5.28 (<0.5 threshold)
CAPEX_INTENSITY_HIGH company_id=BAJFINANCE year=2022-03 capex_intensity=20.1% (>8% threshold, spec: 'capital intensive')
FCF_CONVERSION_HEAVY company_id=BAJFINANCE year=2022-03 conversion=-258.8% (<30% threshold, spec: 'heavy')
OPM_CROSS_CHECK_MISMATCH company_id=BAJFINANCE year=2023-03 computed=30.65 stated=16018.0
CFO_QUALITY_ACCRUAL_RISK company_id=BAJFINANCE year=2023-03 CFO/PAT=-3.66 (<0.5 threshold)
CAPEX_INTENSITY_HIGH company_id=BAJFINANCE year=2023-03 capex_intensity=25.1% (>8% threshold, spec: 'capital intensive')
FCF_CONVERSION_HEAVY company_id=BAJFINANCE year=2023-03 conversion=-413.7% (<30% threshold, spec: 'heavy')
OPM_CROSS_CHECK_MISMATCH company_id=BAJFINANCE year=2024-03 computed=29.29 stated=19987.0
CFO_QUALITY_ACCRUAL_RISK company_id=BAJFINANCE year=2024-03 CFO/PAT=-5.03 (<0.5 threshold)
CAPEX_INTENSITY_HIGH company_id=BAJFINANCE year=2024-03 capex_intensity=13.0% (>8% threshold, spec: 'capital intensive')
FCF_CONVERSION_HEAVY company_id=BAJFINANCE year=2024-03 conversion=-496.5% (<30% threshold, spec: 'heavy')
OPM_CROSS_CHECK_MISMATCH company_id=BANKBARODA year=2013-03 computed=30.05 stated=1006.0
OPM_CROSS_CHECK_MISMATCH company_id=BANKBARODA year=2014-03 computed=29.78 stated=809.0
OPM_CROSS_CHECK_MISMATCH company_id=BANKBARODA year=2015-03 computed=29.98 stated=902.0
OPM_CROSS_CHECK_MISMATCH company_id=BANKBARODA year=2016-03 computed=55.44 stated=-11700.0
CAPEX_INTENSITY_HIGH company_id=BANKBARODA year=2016-03 capex_intensity=8.7% (>8% threshold, spec: 'capital intensive')
FCF_CONVERSION_HEAVY company_id=BANKBARODA year=2016-03 conversion=-55.2% (<30% threshold, spec: 'heavy')
OPM_CROSS_CHECK_MISMATCH company_id=BANKBARODA year=2017-03 computed=43.28 stated=-4372.0
OPM_CROSS_CHECK_MISMATCH company_id=BANKBARODA year=2018-03 computed=56.65 stated=-9197.0
FCF_CONVERSION_HEAVY company_id=BANKBARODA year=2018-03 conversion=-230.4% (<30% threshold, spec: 'heavy')
OPM_CROSS_CHECK_MISMATCH company_id=BANKBARODA year=2019-03 computed=48.79 stated=-5414.0
CFO_QUALITY_ACCRUAL_RISK company_id=BANKBARODA year=2019-03 CFO/PAT=-1.24 (<0.5 threshold)
FCF_CONVERSION_HEAVY company_id=BANKBARODA year=2019-03 conversion=-15.4% (<30% threshold, spec: 'heavy')
OPM_CROSS_CHECK_MISMATCH company_id=BANKBARODA year=2020-03 computed=51.44 stated=-11728.0
OPM_CROSS_CHECK_MISMATCH company_id=BANKBARODA year=2021-03 computed=51.23 stated=-6957.0
CFO_QUALITY_ACCRUAL_RISK company_id=BANKBARODA year=2021-03 CFO/PAT=-0.55 (<0.5 threshold)
FCF_CONVERSION_HEAVY company_id=BANKBARODA year=2021-03 conversion=-3.6% (<30% threshold, spec: 'heavy')
OPM_CROSS_CHECK_MISMATCH company_id=BANKBARODA year=2022-03 computed=51.12 stated=-2948.0
FCF_CONVERSION_HEAVY company_id=BANKBARODA year=2022-03 conversion=6.8% (<30% threshold, spec: 'heavy')
OPM_CROSS_CHECK_MISMATCH company_id=BANKBARODA year=2023-03 computed=40.45 stated=6329.0
CFO_QUALITY_ACCRUAL_RISK company_id=BANKBARODA year=2023-03 CFO/PAT=-1.42 (<0.5 threshold)
FCF_CONVERSION_HEAVY company_id=BANKBARODA year=2023-03 conversion=-58.7% (<30% threshold, spec: 'heavy')
OPM_CROSS_CHECK_MISMATCH company_id=BANKBARODA year=2024-03 computed=37.49 stated=4102.0
CFO_QUALITY_ACCRUAL_RISK company_id=BANKBARODA year=2024-03 CFO/PAT=-0.33 (<0.5 threshold)
FCF_CONVERSION_HEAVY company_id=BANKBARODA year=2024-03 conversion=-17.0% (<30% threshold, spec: 'heavy')
CAPEX_INTENSITY_HIGH company_id=BHARTIARTL year=2013-03 capex_intensity=24.3% (>8% threshold, spec: 'capital intensive')
FCF_CONVERSION_HEAVY company_id=BHARTIARTL year=2013-03 conversion=17.1% (<30% threshold, spec: 'heavy')
CAPEX_INTENSITY_HIGH company_id=BHARTIARTL year=2014-03 capex_intensity=29.3% (>8% threshold, spec: 'capital intensive')
FCF_CONVERSION_HEAVY company_id=BHARTIARTL year=2014-03 conversion=4.0% (<30% threshold, spec: 'heavy')
CAPEX_INTENSITY_HIGH company_id=BHARTIARTL year=2015-03 capex_intensity=23.2% (>8% threshold, spec: 'capital intensive')
FCF_CONVERSION_HEAVY company_id=BHARTIARTL year=2015-03 conversion=17.1% (<30% threshold, spec: 'heavy')
CAPEX_INTENSITY_HIGH company_id=BHARTIARTL year=2016-03 capex_intensity=14.6% (>8% threshold, spec: 'capital intensive')
CAPEX_INTENSITY_HIGH company_id=BHARTIARTL year=2017-03 capex_intensity=32.1% (>8% threshold, spec: 'capital intensive')
FCF_CONVERSION_HEAVY company_id=BHARTIARTL year=2017-03 conversion=-6.8% (<30% threshold, spec: 'heavy')
CAPEX_INTENSITY_HIGH company_id=BHARTIARTL year=2018-03 capex_intensity=33.8% (>8% threshold, spec: 'capital intensive')
FCF_CONVERSION_HEAVY company_id=BHARTIARTL year=2018-03 conversion=6.4% (<30% threshold, spec: 'heavy')
CAPEX_INTENSITY_HIGH company_id=BHARTIARTL year=2019-03 capex_intensity=35.0% (>8% threshold, spec: 'capital intensive')
FCF_CONVERSION_HEAVY company_id=BHARTIARTL year=2019-03 conversion=-31.9% (<30% threshold, spec: 'heavy')
CFO_QUALITY_ACCRUAL_RISK company_id=BHARTIARTL year=2020-03 CFO/PAT=-0.59 (<0.5 threshold)
CAPEX_INTENSITY_HIGH company_id=BHARTIARTL year=2020-03 capex_intensity=33.8% (>8% threshold, spec: 'capital intensive')
FCF_CONVERSION_HEAVY company_id=BHARTIARTL year=2020-03 conversion=-31.3% (<30% threshold, spec: 'heavy')
CFO_QUALITY_ACCRUAL_RISK company_id=BHARTIARTL year=2021-03 CFO/PAT=-3.90 (<0.5 threshold)
CAPEX_INTENSITY_HIGH company_id=BHARTIARTL year=2021-03 capex_intensity=27.1% (>8% threshold, spec: 'capital intensive')
CAPEX_INTENSITY_HIGH company_id=BHARTIARTL year=2022-03 capex_intensity=35.6% (>8% threshold, spec: 'capital intensive')
FCF_CONVERSION_HEAVY company_id=BHARTIARTL year=2022-03 conversion=23.5% (<30% threshold, spec: 'heavy')
CAPEX_INTENSITY_HIGH company_id=BHARTIARTL year=2023-03 capex_intensity=28.2% (>8% threshold, spec: 'capital intensive')
CAPEX_INTENSITY_HIGH company_id=BHARTIARTL year=2024-03 capex_intensity=34.1% (>8% threshold, spec: 'capital intensive')
SUSPECTED_SCALE_ANOMALY company_id=BEL year=2013-03 sales/total_assets=139.4x (>20x, implausible -- balance sheet likely mis-scaled relative to P&L; ROCE/AssetTurnover/D-E/ROE for this row should not be trusted without source verification)
CFO_QUALITY_ACCRUAL_RISK company_id=BEL year=2013-03 CFO/PAT=-1.69 (<0.5 threshold)
CAPEX_INTENSITY_HIGH company_id=BEL year=2013-03 capex_intensity=27.9% (>8% threshold, spec: 'capital intensive')
SUSPECTED_SCALE_ANOMALY company_id=BEL year=2014-03 sales/total_assets=141.7x (>20x, implausible -- balance sheet likely mis-scaled relative to P&L; ROCE/AssetTurnover/D-E/ROE for this row should not be trusted without source verification)
CFO_QUALITY_ACCRUAL_RISK company_id=BEL year=2014-03 CFO/PAT=-0.60 (<0.5 threshold)
CAPEX_INTENSITY_HIGH company_id=BEL year=2014-03 capex_intensity=11.6% (>8% threshold, spec: 'capital intensive')
FCF_CONVERSION_HEAVY company_id=BEL year=2014-03 conversion=20.5% (<30% threshold, spec: 'heavy')
SUSPECTED_SCALE_ANOMALY company_id=BEL year=2015-03 sales/total_assets=144.8x (>20x, implausible -- balance sheet likely mis-scaled relative to P&L; ROCE/AssetTurnover/D-E/ROE for this row should not be trusted without source verification)
CAPEX_INTENSITY_HIGH company_id=BEL year=2015-03 capex_intensity=11.8% (>8% threshold, spec: 'capital intensive')
SUSPECTED_SCALE_ANOMALY company_id=BEL year=2016-03 sales/total_assets=141.4x (>20x, implausible -- balance sheet likely mis-scaled relative to P&L; ROCE/AssetTurnover/D-E/ROE for this row should not be trusted without source verification)
CAPEX_INTENSITY_HIGH company_id=BEL year=2016-03 capex_intensity=20.0% (>8% threshold, spec: 'capital intensive')
SUSPECTED_SCALE_ANOMALY company_id=BEL year=2017-03 sales/total_assets=112.4x (>20x, implausible -- balance sheet likely mis-scaled relative to P&L; ROCE/AssetTurnover/D-E/ROE for this row should not be trusted without source verification)
CFO_QUALITY_ACCRUAL_RISK company_id=BEL year=2017-03 CFO/PAT=-0.04 (<0.5 threshold)
CAPEX_INTENSITY_HIGH company_id=BEL year=2017-03 capex_intensity=36.0% (>8% threshold, spec: 'capital intensive')
SUSPECTED_SCALE_ANOMALY company_id=BEL year=2018-03 sales/total_assets=86.0x (>20x, implausible -- balance sheet likely mis-scaled relative to P&L; ROCE/AssetTurnover/D-E/ROE for this row should not be trusted without source verification)
CFO_QUALITY_ACCRUAL_RISK company_id=BEL year=2018-03 CFO/PAT=-0.48 (<0.5 threshold)
FCF_CONVERSION_HEAVY company_id=BEL year=2018-03 conversion=-34.0% (<30% threshold, spec: 'heavy')
SUSPECTED_SCALE_ANOMALY company_id=BEL year=2019-03 sales/total_assets=96.5x (>20x, implausible -- balance sheet likely mis-scaled relative to P&L; ROCE/AssetTurnover/D-E/ROE for this row should not be trusted without source verification)
FCF_CONVERSION_HEAVY company_id=BEL year=2019-03 conversion=21.2% (<30% threshold, spec: 'heavy')
SUSPECTED_SCALE_ANOMALY company_id=BEL year=2020-03 sales/total_assets=106.3x (>20x, implausible -- balance sheet likely mis-scaled relative to P&L; ROCE/AssetTurnover/D-E/ROE for this row should not be trusted without source verification)
SUSPECTED_SCALE_ANOMALY company_id=BEL year=2021-03 sales/total_assets=92.8x (>20x, implausible -- balance sheet likely mis-scaled relative to P&L; ROCE/AssetTurnover/D-E/ROE for this row should not be trusted without source verification)
CAPEX_INTENSITY_HIGH company_id=BEL year=2021-03 capex_intensity=18.4% (>8% threshold, spec: 'capital intensive')
SUSPECTED_SCALE_ANOMALY company_id=BEL year=2022-03 sales/total_assets=94.3x (>20x, implausible -- balance sheet likely mis-scaled relative to P&L; ROCE/AssetTurnover/D-E/ROE for this row should not be trusted without source verification)
CAPEX_INTENSITY_HIGH company_id=BEL year=2022-03 capex_intensity=31.7% (>8% threshold, spec: 'capital intensive')
FCF_CONVERSION_HEAVY company_id=BEL year=2022-03 conversion=-19.9% (<30% threshold, spec: 'heavy')
SUSPECTED_SCALE_ANOMALY company_id=BEL year=2023-03 sales/total_assets=123.2x (>20x, implausible -- balance sheet likely mis-scaled relative to P&L; ROCE/AssetTurnover/D-E/ROE for this row should not be trusted without source verification)
CFO_QUALITY_ACCRUAL_RISK company_id=BEL year=2023-03 CFO/PAT=0.40 (<0.5 threshold)
CAPEX_INTENSITY_HIGH company_id=BEL year=2023-03 capex_intensity=15.3% (>8% threshold, spec: 'capital intensive')
SUSPECTED_SCALE_ANOMALY company_id=BEL year=2024-03 sales/total_assets=125.9x (>20x, implausible -- balance sheet likely mis-scaled relative to P&L; ROCE/AssetTurnover/D-E/ROE for this row should not be trusted without source verification)
CAPEX_INTENSITY_HIGH company_id=BEL year=2024-03 capex_intensity=29.2% (>8% threshold, spec: 'capital intensive')
FCF_CONVERSION_HEAVY company_id=BEL year=2024-03 conversion=-25.0% (<30% threshold, spec: 'heavy')
CFO_QUALITY_ACCRUAL_RISK company_id=BHEL year=2013-03 CFO/PAT=0.26 (<0.5 threshold)
FCF_CONVERSION_HEAVY company_id=BHEL year=2013-03 conversion=6.8% (<30% threshold, spec: 'heavy')
CFO_QUALITY_ACCRUAL_RISK company_id=BHEL year=2016-03 CFO/PAT=-0.53 (<0.5 threshold)
FCF_CONVERSION_HEAVY company_id=BHEL year=2016-03 conversion=-29.3% (<30% threshold, spec: 'heavy')
FCF_CONVERSION_HEAVY company_id=BHEL year=2017-03 conversion=-0.5% (<30% threshold, spec: 'heavy')
CFO_QUALITY_ACCRUAL_RISK company_id=BHEL year=2019-03 CFO/PAT=-3.85 (<0.5 threshold)
FCF_CONVERSION_HEAVY company_id=BHEL year=2019-03 conversion=-95.5% (<30% threshold, spec: 'heavy')
CAPEX_INTENSITY_HIGH company_id=BHEL year=2020-03 capex_intensity=8.7% (>8% threshold, spec: 'capital intensive')
CFO_QUALITY_ACCRUAL_RISK company_id=BHEL year=2021-03 CFO/PAT=-0.21 (<0.5 threshold)
FCF_CONVERSION_HEAVY company_id=BHEL year=2021-03 conversion=-17.0% (<30% threshold, spec: 'heavy')
FCF_CONVERSION_HEAVY company_id=BHEL year=2022-03 conversion=-55.3% (<30% threshold, spec: 'heavy')
CFO_QUALITY_ACCRUAL_RISK company_id=BHEL year=2023-03 CFO/PAT=-1.13 (<0.5 threshold)
CFO_QUALITY_ACCRUAL_RISK company_id=BHEL year=2024-03 CFO/PAT=-13.17 (<0.5 threshold)
FCF_CONVERSION_HEAVY company_id=BHEL year=2024-03 conversion=-335.0% (<30% threshold, spec: 'heavy')
CAPEX_INTENSITY_HIGH company_id=BOSCHLTD year=2012-12 capex_intensity=9.5% (>8% threshold, spec: 'capital intensive')
FCF_CONVERSION_HEAVY company_id=BOSCHLTD year=2012-12 conversion=3.5% (<30% threshold, spec: 'heavy')
DEBT_FREE_SUBSTITUTION company_id=BOSCHLTD year=2013-12 interest=0 -> ICR set to sentinel 999.0
CAPEX_INTENSITY_HIGH company_id=BOSCHLTD year=2013-12 capex_intensity=9.7% (>8% threshold, spec: 'capital intensive')
FCF_CONVERSION_HEAVY company_id=BOSCHLTD year=2013-12 conversion=16.4% (<30% threshold, spec: 'heavy')
CAPEX_INTENSITY_HIGH company_id=BOSCHLTD year=2015-03 capex_intensity=9.8% (>8% threshold, spec: 'capital intensive')
FCF_CONVERSION_HEAVY company_id=BOSCHLTD year=2015-03 conversion=10.8% (<30% threshold, spec: 'heavy')
CAPEX_INTENSITY_HIGH company_id=BOSCHLTD year=2016-03 capex_intensity=10.3% (>8% threshold, spec: 'capital intensive')
FCF_CONVERSION_HEAVY company_id=BOSCHLTD year=2016-03 conversion=17.2% (<30% threshold, spec: 'heavy')
CAPEX_INTENSITY_HIGH company_id=BOSCHLTD year=2017-03 capex_intensity=11.9% (>8% threshold, spec: 'capital intensive')
CAPEX_INTENSITY_HIGH company_id=BOSCHLTD year=2018-03 capex_intensity=10.0% (>8% threshold, spec: 'capital intensive')
FCF_CONVERSION_HEAVY company_id=BOSCHLTD year=2018-03 conversion=26.7% (<30% threshold, spec: 'heavy')
CFO_QUALITY_ACCRUAL_RISK company_id=BOSCHLTD year=2019-03 CFO/PAT=0.37 (<0.5 threshold)
CAPEX_INTENSITY_HIGH company_id=BOSCHLTD year=2019-03 capex_intensity=14.6% (>8% threshold, spec: 'capital intensive')
CAPEX_INTENSITY_HIGH company_id=BOSCHLTD year=2020-03 capex_intensity=8.9% (>8% threshold, spec: 'capital intensive')
CFO_QUALITY_ACCRUAL_RISK company_id=BOSCHLTD year=2022-03 CFO/PAT=0.22 (<0.5 threshold)
FCF_CONVERSION_HEAVY company_id=BOSCHLTD year=2022-03 conversion=16.3% (<30% threshold, spec: 'heavy')
FCF_CONVERSION_HEAVY company_id=BPCL year=2014-03 conversion=28.8% (<30% threshold, spec: 'heavy')
FCF_CONVERSION_HEAVY company_id=BPCL year=2016-03 conversion=14.5% (<30% threshold, spec: 'heavy')
FCF_CONVERSION_HEAVY company_id=BPCL year=2017-03 conversion=-45.2% (<30% threshold, spec: 'heavy')
FCF_CONVERSION_HEAVY company_id=BPCL year=2018-03 conversion=26.1% (<30% threshold, spec: 'heavy')
FCF_CONVERSION_HEAVY company_id=BPCL year=2019-03 conversion=-1.9% (<30% threshold, spec: 'heavy')
FCF_CONVERSION_HEAVY company_id=BPCL year=2020-03 conversion=-36.3% (<30% threshold, spec: 'heavy')
FCF_CONVERSION_HEAVY company_id=BRITANNIA year=2015-03 conversion=15.4% (<30% threshold, spec: 'heavy')
CAPEX_INTENSITY_HIGH company_id=BRITANNIA year=2016-03 capex_intensity=8.4% (>8% threshold, spec: 'capital intensive')
FCF_CONVERSION_HEAVY company_id=BRITANNIA year=2016-03 conversion=20.8% (<30% threshold, spec: 'heavy')
CFO_QUALITY_ACCRUAL_RISK company_id=BRITANNIA year=2017-03 CFO/PAT=0.50 (<0.5 threshold)
FCF_CONVERSION_HEAVY company_id=BRITANNIA year=2017-03 conversion=22.8% (<30% threshold, spec: 'heavy')
CAPEX_INTENSITY_HIGH company_id=BRITANNIA year=2018-03 capex_intensity=9.7% (>8% threshold, spec: 'capital intensive')
FCF_CONVERSION_HEAVY company_id=BRITANNIA year=2018-03 conversion=19.5% (<30% threshold, spec: 'heavy')
FCF_CONVERSION_HEAVY company_id=BRITANNIA year=2019-03 conversion=17.6% (<30% threshold, spec: 'heavy')
CAPEX_INTENSITY_HIGH company_id=BRITANNIA year=2020-03 capex_intensity=13.2% (>8% threshold, spec: 'capital intensive')
FCF_CONVERSION_HEAVY company_id=BRITANNIA year=2020-03 conversion=-2.2% (<30% threshold, spec: 'heavy')
CAPEX_INTENSITY_HIGH company_id=BRITANNIA year=2023-03 capex_intensity=9.2% (>8% threshold, spec: 'capital intensive')
OPM_CROSS_CHECK_MISMATCH company_id=CANBK year=2013-03 computed=21.18 stated=655.0
OPM_CROSS_CHECK_MISMATCH company_id=CANBK year=2014-03 computed=24.35 stated=-672.0
OPM_CROSS_CHECK_MISMATCH company_id=CANBK year=2015-03 computed=23.51 stated=-621.0
OPM_CROSS_CHECK_MISMATCH company_id=CANBK year=2016-03 computed=40.38 stated=-8008.0
CFO_QUALITY_ACCRUAL_RISK company_id=CANBK year=2016-03 CFO/PAT=-3.69 (<0.5 threshold)
OPM_CROSS_CHECK_MISMATCH company_id=CANBK year=2017-03 computed=37.85 stated=-5775.0
FCF_CONVERSION_HEAVY company_id=CANBK year=2017-03 conversion=13.4% (<30% threshold, spec: 'heavy')
OPM_CROSS_CHECK_MISMATCH company_id=CANBK year=2018-03 computed=61.87 stated=-13350.0
FCF_CONVERSION_HEAVY company_id=CANBK year=2018-03 conversion=-45.4% (<30% threshold, spec: 'heavy')
OPM_CROSS_CHECK_MISMATCH company_id=CANBK year=2019-03 computed=56.73 stated=-11590.0
OPM_CROSS_CHECK_MISMATCH company_id=CANBK year=2020-03 computed=53.88 stated=-12867.0
FCF_CONVERSION_HEAVY company_id=CANBK year=2020-03 conversion=-21.4% (<30% threshold, spec: 'heavy')
OPM_CROSS_CHECK_MISMATCH company_id=CANBK year=2021-03 computed=61.83 stated=-18367.0
OPM_CROSS_CHECK_MISMATCH company_id=CANBK year=2022-03 computed=58.39 stated=-13657.0
CFO_QUALITY_ACCRUAL_RISK company_id=CANBK year=2022-03 CFO/PAT=0.15 (<0.5 threshold)
FCF_CONVERSION_HEAVY company_id=CANBK year=2022-03 conversion=-1.2% (<30% threshold, spec: 'heavy')
OPM_CROSS_CHECK_MISMATCH company_id=CANBK year=2023-03 computed=49.80 stated=-9877.0
CFO_QUALITY_ACCRUAL_RISK company_id=CANBK year=2023-03 CFO/PAT=-3.52 (<0.5 threshold)
FCF_CONVERSION_HEAVY company_id=CANBK year=2023-03 conversion=-96.2% (<30% threshold, spec: 'heavy')
OPM_CROSS_CHECK_MISMATCH company_id=CANBK year=2024-03 computed=41.75 stated=-7745.0
FCF_CONVERSION_HEAVY company_id=CANBK year=2024-03 conversion=28.8% (<30% threshold, spec: 'heavy')
OPM_CROSS_CHECK_MISMATCH company_id=CHOLAFIN year=2013-03 computed=26.77 stated=472.0
CFO_QUALITY_ACCRUAL_RISK company_id=CHOLAFIN year=2013-03 CFO/PAT=-12.19 (<0.5 threshold)
FCF_CONVERSION_HEAVY company_id=CHOLAFIN year=2013-03 conversion=-544.9% (<30% threshold, spec: 'heavy')
OPM_CROSS_CHECK_MISMATCH company_id=CHOLAFIN year=2014-03 computed=28.42 stated=578.0
CFO_QUALITY_ACCRUAL_RISK company_id=CHOLAFIN year=2014-03 CFO/PAT=-6.65 (<0.5 threshold)
FCF_CONVERSION_HEAVY company_id=CHOLAFIN year=2014-03 conversion=-271.5% (<30% threshold, spec: 'heavy')
OPM_CROSS_CHECK_MISMATCH company_id=CHOLAFIN year=2015-03 computed=28.56 stated=696.0
DEBT_FREE_SUBSTITUTION company_id=CHOLAFIN year=2015-03 interest=0 -> ICR set to sentinel 999.0
CFO_QUALITY_ACCRUAL_RISK company_id=CHOLAFIN year=2015-03 CFO/PAT=-5.10 (<0.5 threshold)
FCF_CONVERSION_HEAVY company_id=CHOLAFIN year=2015-03 conversion=-217.2% (<30% threshold, spec: 'heavy')
OPM_CROSS_CHECK_MISMATCH company_id=CHOLAFIN year=2016-03 computed=30.04 stated=899.0
CFO_QUALITY_ACCRUAL_RISK company_id=CHOLAFIN year=2016-03 CFO/PAT=-4.89 (<0.5 threshold)
FCF_CONVERSION_HEAVY company_id=CHOLAFIN year=2016-03 conversion=-232.7% (<30% threshold, spec: 'heavy')
OPM_CROSS_CHECK_MISMATCH company_id=CHOLAFIN year=2017-03 computed=28.16 stated=1143.0
CFO_QUALITY_ACCRUAL_RISK company_id=CHOLAFIN year=2017-03 CFO/PAT=-2.04 (<0.5 threshold)
FCF_CONVERSION_HEAVY company_id=CHOLAFIN year=2017-03 conversion=-127.8% (<30% threshold, spec: 'heavy')
OPM_CROSS_CHECK_MISMATCH company_id=CHOLAFIN year=2018-03 computed=26.10 stated=1451.0
DEBT_FREE_SUBSTITUTION company_id=CHOLAFIN year=2018-03 interest=0 -> ICR set to sentinel 999.0
CFO_QUALITY_ACCRUAL_RISK company_id=CHOLAFIN year=2018-03 CFO/PAT=-8.63 (<0.5 threshold)
FCF_CONVERSION_HEAVY company_id=CHOLAFIN year=2018-03 conversion=-550.4% (<30% threshold, spec: 'heavy')
OPM_CROSS_CHECK_MISMATCH company_id=CHOLAFIN year=2019-03 computed=22.96 stated=1888.0
CFO_QUALITY_ACCRUAL_RISK company_id=CHOLAFIN year=2019-03 CFO/PAT=-7.78 (<0.5 threshold)
FCF_CONVERSION_HEAVY company_id=CHOLAFIN year=2019-03 conversion=-571.6% (<30% threshold, spec: 'heavy')
OPM_CROSS_CHECK_MISMATCH company_id=CHOLAFIN year=2020-03 computed=27.79 stated=1699.0
DEBT_FREE_SUBSTITUTION company_id=CHOLAFIN year=2020-03 interest=0 -> ICR set to sentinel 999.0
CFO_QUALITY_ACCRUAL_RISK company_id=CHOLAFIN year=2020-03 CFO/PAT=-1.97 (<0.5 threshold)
FCF_CONVERSION_HEAVY company_id=CHOLAFIN year=2020-03 conversion=-87.9% (<30% threshold, spec: 'heavy')
OPM_CROSS_CHECK_MISMATCH company_id=CHOLAFIN year=2021-03 computed=30.40 stated=2094.0
CFO_QUALITY_ACCRUAL_RISK company_id=CHOLAFIN year=2021-03 CFO/PAT=-5.82 (<0.5 threshold)
CAPEX_INTENSITY_HIGH company_id=CHOLAFIN year=2021-03 capex_intensity=18.2% (>8% threshold, spec: 'capital intensive')
FCF_CONVERSION_HEAVY company_id=CHOLAFIN year=2021-03 conversion=-363.7% (<30% threshold, spec: 'heavy')
OPM_CROSS_CHECK_MISMATCH company_id=CHOLAFIN year=2022-03 computed=28.83 stated=2924.0
CFO_QUALITY_ACCRUAL_RISK company_id=CHOLAFIN year=2022-03 CFO/PAT=-2.59 (<0.5 threshold)
CAPEX_INTENSITY_HIGH company_id=CHOLAFIN year=2022-03 capex_intensity=16.2% (>8% threshold, spec: 'capital intensive')
FCF_CONVERSION_HEAVY company_id=CHOLAFIN year=2022-03 conversion=-134.3% (<30% threshold, spec: 'heavy')
OPM_CROSS_CHECK_MISMATCH company_id=CHOLAFIN year=2023-03 computed=28.10 stated=3515.0
CFO_QUALITY_ACCRUAL_RISK company_id=CHOLAFIN year=2023-03 CFO/PAT=-10.17 (<0.5 threshold)
CAPEX_INTENSITY_HIGH company_id=CHOLAFIN year=2023-03 capex_intensity=16.7% (>8% threshold, spec: 'capital intensive')
FCF_CONVERSION_HEAVY company_id=CHOLAFIN year=2023-03 conversion=-807.9% (<30% threshold, spec: 'heavy')
OPM_CROSS_CHECK_MISMATCH company_id=CHOLAFIN year=2024-03 computed=28.10 stated=4548.0
CFO_QUALITY_ACCRUAL_RISK company_id=CHOLAFIN year=2024-03 CFO/PAT=-10.43 (<0.5 threshold)
CAPEX_INTENSITY_HIGH company_id=CHOLAFIN year=2024-03 capex_intensity=14.9% (>8% threshold, spec: 'capital intensive')
FCF_CONVERSION_HEAVY company_id=CHOLAFIN year=2024-03 conversion=-715.7% (<30% threshold, spec: 'heavy')
OPM_CROSS_CHECK_MISMATCH company_id=CIPLA year=2013-03 computed=73.26 stated=2214.0
CAPEX_INTENSITY_HIGH company_id=CIPLA year=2013-03 capex_intensity=24.9% (>8% threshold, spec: 'capital intensive')
FCF_CONVERSION_HEAVY company_id=CIPLA year=2013-03 conversion=-11.0% (<30% threshold, spec: 'heavy')
OPM_CROSS_CHECK_MISMATCH company_id=CIPLA year=2014-03 computed=78.90 stated=2147.0
CAPEX_INTENSITY_HIGH company_id=CIPLA year=2014-03 capex_intensity=12.4% (>8% threshold, spec: 'capital intensive')
FCF_CONVERSION_HEAVY company_id=CIPLA year=2014-03 conversion=3.7% (<30% threshold, spec: 'heavy')
OPM_CROSS_CHECK_MISMATCH company_id=CIPLA year=2015-03 computed=80.94 stated=2163.0
CAPEX_INTENSITY_HIGH company_id=CIPLA year=2015-03 capex_intensity=8.4% (>8% threshold, spec: 'capital intensive')
FCF_CONVERSION_HEAVY company_id=CIPLA year=2015-03 conversion=2.4% (<30% threshold, spec: 'heavy')
OPM_CROSS_CHECK_MISMATCH company_id=CIPLA year=2016-03 computed=82.02 stated=2480.0
CAPEX_INTENSITY_HIGH company_id=CIPLA year=2016-03 capex_intensity=32.9% (>8% threshold, spec: 'capital intensive')
FCF_CONVERSION_HEAVY company_id=CIPLA year=2016-03 conversion=-24.7% (<30% threshold, spec: 'heavy')
OPM_CROSS_CHECK_MISMATCH company_id=CIPLA year=2017-03 computed=82.66 stated=2496.0
CAPEX_INTENSITY_HIGH company_id=CIPLA year=2017-03 capex_intensity=9.1% (>8% threshold, spec: 'capital intensive')
FCF_CONVERSION_HEAVY company_id=CIPLA year=2017-03 conversion=9.1% (<30% threshold, spec: 'heavy')
OPM_CROSS_CHECK_MISMATCH company_id=CIPLA year=2018-03 computed=81.35 stated=2826.0
FCF_CONVERSION_HEAVY company_id=CIPLA year=2018-03 conversion=5.1% (<30% threshold, spec: 'heavy')
OPM_CROSS_CHECK_MISMATCH company_id=CIPLA year=2019-03 computed=81.07 stated=3097.0
CAPEX_INTENSITY_HIGH company_id=CIPLA year=2019-03 capex_intensity=10.3% (>8% threshold, spec: 'capital intensive')
FCF_CONVERSION_HEAVY company_id=CIPLA year=2019-03 conversion=0.0% (<30% threshold, spec: 'heavy')
OPM_CROSS_CHECK_MISMATCH company_id=CIPLA year=2020-03 computed=81.29 stated=3206.0
FCF_CONVERSION_HEAVY company_id=CIPLA year=2020-03 conversion=22.8% (<30% threshold, spec: 'heavy')
OPM_CROSS_CHECK_MISMATCH company_id=CIPLA year=2021-03 computed=77.80 stated=4252.0
CAPEX_INTENSITY_HIGH company_id=CIPLA year=2021-03 capex_intensity=12.4% (>8% threshold, spec: 'capital intensive')
FCF_CONVERSION_HEAVY company_id=CIPLA year=2021-03 conversion=9.3% (<30% threshold, spec: 'heavy')
OPM_CROSS_CHECK_MISMATCH company_id=CIPLA year=2022-03 computed=79.08 stated=4553.0
CAPEX_INTENSITY_HIGH company_id=CIPLA year=2022-03 capex_intensity=8.5% (>8% threshold, spec: 'capital intensive')
FCF_CONVERSION_HEAVY company_id=CIPLA year=2022-03 conversion=8.5% (<30% threshold, spec: 'heavy')
OPM_CROSS_CHECK_MISMATCH company_id=CIPLA year=2023-03 computed=77.91 stated=5027.0
CAPEX_INTENSITY_HIGH company_id=CIPLA year=2023-03 capex_intensity=10.4% (>8% threshold, spec: 'capital intensive')
FCF_CONVERSION_HEAVY company_id=CIPLA year=2023-03 conversion=4.9% (<30% threshold, spec: 'heavy')
OPM_CROSS_CHECK_MISMATCH company_id=CIPLA year=2024-03 computed=75.59 stated=6291.0
CAPEX_INTENSITY_HIGH company_id=CIPLA year=2024-03 capex_intensity=11.6% (>8% threshold, spec: 'capital intensive')
FCF_CONVERSION_HEAVY company_id=CIPLA year=2024-03 conversion=5.9% (<30% threshold, spec: 'heavy')
OPM_CROSS_CHECK_MISMATCH company_id=COALINDIA year=2013-03 computed=73.52 stated=18087.0
FCF_CONVERSION_HEAVY company_id=COALINDIA year=2013-03 conversion=14.5% (<30% threshold, spec: 'heavy')
OPM_CROSS_CHECK_MISMATCH company_id=COALINDIA year=2014-03 computed=74.84 stated=17766.0
CAPEX_INTENSITY_HIGH company_id=COALINDIA year=2014-03 capex_intensity=12.2% (>8% threshold, spec: 'capital intensive')
OPM_CROSS_CHECK_MISMATCH company_id=COALINDIA year=2015-03 computed=76.60 stated=17343.0
FCF_CONVERSION_HEAVY company_id=COALINDIA year=2015-03 conversion=26.9% (<30% threshold, spec: 'heavy')
OPM_CROSS_CHECK_MISMATCH company_id=COALINDIA year=2016-03 computed=75.96 stated=18714.0
CAPEX_INTENSITY_HIGH company_id=COALINDIA year=2016-03 capex_intensity=10.5% (>8% threshold, spec: 'capital intensive')
OPM_CROSS_CHECK_MISMATCH company_id=COALINDIA year=2017-03 computed=84.07 stated=12448.0
FCF_CONVERSION_HEAVY company_id=COALINDIA year=2017-03 conversion=25.7% (<30% threshold, spec: 'heavy')
OPM_CROSS_CHECK_MISMATCH company_id=COALINDIA year=2018-03 computed=89.10 stated=9288.0
CAPEX_INTENSITY_HIGH company_id=COALINDIA year=2018-03 capex_intensity=9.1% (>8% threshold, spec: 'capital intensive')
FCF_CONVERSION_HEAVY company_id=COALINDIA year=2018-03 conversion=17.6% (<30% threshold, spec: 'heavy')
OPM_CROSS_CHECK_MISMATCH company_id=COALINDIA year=2019-03 computed=74.89 stated=25007.0
FCF_CONVERSION_HEAVY company_id=COALINDIA year=2019-03 conversion=11.3% (<30% threshold, spec: 'heavy')
OPM_CROSS_CHECK_MISMATCH company_id=COALINDIA year=2020-03 computed=77.54 stated=21581.0
CFO_QUALITY_ACCRUAL_RISK company_id=COALINDIA year=2020-03 CFO/PAT=0.30 (<0.5 threshold)
FCF_CONVERSION_HEAVY company_id=COALINDIA year=2020-03 conversion=8.1% (<30% threshold, spec: 'heavy')
OPM_CROSS_CHECK_MISMATCH company_id=COALINDIA year=2021-03 computed=79.31 stated=18628.0
FCF_CONVERSION_HEAVY company_id=COALINDIA year=2021-03 conversion=15.1% (<30% threshold, spec: 'heavy')
OPM_CROSS_CHECK_MISMATCH company_id=COALINDIA year=2022-03 computed=77.47 stated=24721.0
CAPEX_INTENSITY_HIGH company_id=COALINDIA year=2022-03 capex_intensity=23.4% (>8% threshold, spec: 'capital intensive')
FCF_CONVERSION_HEAVY company_id=COALINDIA year=2022-03 conversion=18.1% (<30% threshold, spec: 'heavy')
OPM_CROSS_CHECK_MISMATCH company_id=COALINDIA year=2023-03 computed=68.01 stated=44232.0
CAPEX_INTENSITY_HIGH company_id=COALINDIA year=2023-03 capex_intensity=17.0% (>8% threshold, spec: 'capital intensive')
FCF_CONVERSION_HEAVY company_id=COALINDIA year=2023-03 conversion=13.0% (<30% threshold, spec: 'heavy')
OPM_CROSS_CHECK_MISMATCH company_id=COALINDIA year=2024-03 computed=66.29 stated=47971.0
CFO_QUALITY_ACCRUAL_RISK company_id=COALINDIA year=2024-03 CFO/PAT=0.48 (<0.5 threshold)
FCF_CONVERSION_HEAVY company_id=COALINDIA year=2024-03 conversion=14.4% (<30% threshold, spec: 'heavy')
CAPEX_INTENSITY_HIGH company_id=DABUR year=2013-03 capex_intensity=10.1% (>8% threshold, spec: 'capital intensive')
FCF_CONVERSION_HEAVY company_id=DABUR year=2013-03 conversion=25.0% (<30% threshold, spec: 'heavy')
CAPEX_INTENSITY_HIGH company_id=DABUR year=2015-03 capex_intensity=11.2% (>8% threshold, spec: 'capital intensive')
FCF_CONVERSION_HEAVY company_id=DABUR year=2015-03 conversion=13.0% (<30% threshold, spec: 'heavy')
CAPEX_INTENSITY_HIGH company_id=DABUR year=2016-03 capex_intensity=9.4% (>8% threshold, spec: 'capital intensive')
CAPEX_INTENSITY_HIGH company_id=DABUR year=2017-03 capex_intensity=10.6% (>8% threshold, spec: 'capital intensive')
FCF_CONVERSION_HEAVY company_id=DABUR year=2017-03 conversion=27.8% (<30% threshold, spec: 'heavy')
CAPEX_INTENSITY_HIGH company_id=DABUR year=2021-03 capex_intensity=14.7% (>8% threshold, spec: 'capital intensive')
CAPEX_INTENSITY_HIGH company_id=DABUR year=2022-03 capex_intensity=11.7% (>8% threshold, spec: 'capital intensive')
FCF_CONVERSION_HEAVY company_id=DABUR year=2022-03 conversion=23.5% (<30% threshold, spec: 'heavy')
CAPEX_INTENSITY_HIGH company_id=DIVISLAB year=2013-03 capex_intensity=11.9% (>8% threshold, spec: 'capital intensive')
FCF_CONVERSION_HEAVY company_id=DIVISLAB year=2013-03 conversion=27.6% (<30% threshold, spec: 'heavy')
CAPEX_INTENSITY_HIGH company_id=DIVISLAB year=2014-03 capex_intensity=12.0% (>8% threshold, spec: 'capital intensive')
FCF_CONVERSION_HEAVY company_id=DIVISLAB year=2014-03 conversion=24.8% (<30% threshold, spec: 'heavy')
CAPEX_INTENSITY_HIGH company_id=DIVISLAB year=2015-03 capex_intensity=16.7% (>8% threshold, spec: 'capital intensive')
FCF_CONVERSION_HEAVY company_id=DIVISLAB year=2015-03 conversion=26.0% (<30% threshold, spec: 'heavy')
CAPEX_INTENSITY_HIGH company_id=DIVISLAB year=2016-03 capex_intensity=10.8% (>8% threshold, spec: 'capital intensive')
CAPEX_INTENSITY_HIGH company_id=DIVISLAB year=2017-03 capex_intensity=28.1% (>8% threshold, spec: 'capital intensive')
FCF_CONVERSION_HEAVY company_id=DIVISLAB year=2017-03 conversion=0.7% (<30% threshold, spec: 'heavy')
CAPEX_INTENSITY_HIGH company_id=DIVISLAB year=2018-03 capex_intensity=12.3% (>8% threshold, spec: 'capital intensive')
FCF_CONVERSION_HEAVY company_id=DIVISLAB year=2018-03 conversion=23.5% (<30% threshold, spec: 'heavy')
CAPEX_INTENSITY_HIGH company_id=DIVISLAB year=2019-03 capex_intensity=13.8% (>8% threshold, spec: 'capital intensive')
FCF_CONVERSION_HEAVY company_id=DIVISLAB year=2019-03 conversion=14.4% (<30% threshold, spec: 'heavy')
CAPEX_INTENSITY_HIGH company_id=DIVISLAB year=2022-03 capex_intensity=24.5% (>8% threshold, spec: 'capital intensive')
FCF_CONVERSION_HEAVY company_id=DIVISLAB year=2022-03 conversion=-7.3% (<30% threshold, spec: 'heavy')
CAPEX_INTENSITY_HIGH company_id=DIVISLAB year=2023-03 capex_intensity=34.9% (>8% threshold, spec: 'capital intensive')
FCF_CONVERSION_HEAVY company_id=DIVISLAB year=2023-03 conversion=-10.5% (<30% threshold, spec: 'heavy')
CAPEX_INTENSITY_HIGH company_id=DLF year=2013-03 capex_intensity=25.7% (>8% threshold, spec: 'capital intensive')
CAPEX_INTENSITY_HIGH company_id=DLF year=2014-03 capex_intensity=47.3% (>8% threshold, spec: 'capital intensive')
CAPEX_INTENSITY_HIGH company_id=DLF year=2016-03 capex_intensity=8.2% (>8% threshold, spec: 'capital intensive')
CFO_QUALITY_ACCRUAL_RISK company_id=DLF year=2017-03 CFO/PAT=-1.27 (<0.5 threshold)
CAPEX_INTENSITY_HIGH company_id=DLF year=2017-03 capex_intensity=10.6% (>8% threshold, spec: 'capital intensive')
FCF_CONVERSION_HEAVY company_id=DLF year=2017-03 conversion=-0.8% (<30% threshold, spec: 'heavy')
CFO_QUALITY_ACCRUAL_RISK company_id=DLF year=2018-03 CFO/PAT=0.06 (<0.5 threshold)
CAPEX_INTENSITY_HIGH company_id=DLF year=2018-03 capex_intensity=31.3% (>8% threshold, spec: 'capital intensive')
FCF_CONVERSION_HEAVY company_id=DLF year=2018-03 conversion=-77.0% (<30% threshold, spec: 'heavy')
CFO_QUALITY_ACCRUAL_RISK company_id=DLF year=2020-03 CFO/PAT=-0.60 (<0.5 threshold)
CAPEX_INTENSITY_HIGH company_id=DLF year=2020-03 capex_intensity=107.0% (>8% threshold, spec: 'capital intensive')
CAPEX_INTENSITY_HIGH company_id=DLF year=2023-03 capex_intensity=8.1% (>8% threshold, spec: 'capital intensive')
CAPEX_INTENSITY_HIGH company_id=DLF year=2024-03 capex_intensity=23.8% (>8% threshold, spec: 'capital intensive')
FCF_CONVERSION_HEAVY company_id=DMART year=2013-03 conversion=-48.4% (<30% threshold, spec: 'heavy')
FCF_CONVERSION_HEAVY company_id=DMART year=2014-03 conversion=-21.1% (<30% threshold, spec: 'heavy')
FCF_CONVERSION_HEAVY company_id=DMART year=2015-03 conversion=-55.3% (<30% threshold, spec: 'heavy')
FCF_CONVERSION_HEAVY company_id=DMART year=2016-03 conversion=-30.1% (<30% threshold, spec: 'heavy')
CAPEX_INTENSITY_HIGH company_id=DMART year=2017-03 capex_intensity=20.9% (>8% threshold, spec: 'capital intensive')
FCF_CONVERSION_HEAVY company_id=DMART year=2017-03 conversion=-209.2% (<30% threshold, spec: 'heavy')
FCF_CONVERSION_HEAVY company_id=DMART year=2019-03 conversion=-9.2% (<30% threshold, spec: 'heavy')
CAPEX_INTENSITY_HIGH company_id=DMART year=2020-03 capex_intensity=18.7% (>8% threshold, spec: 'capital intensive')
FCF_CONVERSION_HEAVY company_id=DMART year=2020-03 conversion=-158.7% (<30% threshold, spec: 'heavy')
FCF_CONVERSION_HEAVY company_id=DMART year=2021-03 conversion=15.2% (<30% threshold, spec: 'heavy')
FCF_CONVERSION_HEAVY company_id=DMART year=2022-03 conversion=3.3% (<30% threshold, spec: 'heavy')
FCF_CONVERSION_HEAVY company_id=DMART year=2023-03 conversion=8.7% (<30% threshold, spec: 'heavy')
FCF_CONVERSION_HEAVY company_id=DMART year=2024-03 conversion=6.8% (<30% threshold, spec: 'heavy')
CAPEX_INTENSITY_HIGH company_id=DRREDDY year=2013-03 capex_intensity=12.1% (>8% threshold, spec: 'capital intensive')
FCF_CONVERSION_HEAVY company_id=DRREDDY year=2013-03 conversion=-2.2% (<30% threshold, spec: 'heavy')
CAPEX_INTENSITY_HIGH company_id=DRREDDY year=2014-03 capex_intensity=12.0% (>8% threshold, spec: 'capital intensive')
FCF_CONVERSION_HEAVY company_id=DRREDDY year=2014-03 conversion=11.3% (<30% threshold, spec: 'heavy')
CAPEX_INTENSITY_HIGH company_id=DRREDDY year=2015-03 capex_intensity=15.8% (>8% threshold, spec: 'capital intensive')
FCF_CONVERSION_HEAVY company_id=DRREDDY year=2015-03 conversion=4.4% (<30% threshold, spec: 'heavy')
CAPEX_INTENSITY_HIGH company_id=DRREDDY year=2016-03 capex_intensity=10.3% (>8% threshold, spec: 'capital intensive')
CAPEX_INTENSITY_HIGH company_id=DRREDDY year=2017-03 capex_intensity=13.3% (>8% threshold, spec: 'capital intensive')
FCF_CONVERSION_HEAVY company_id=DRREDDY year=2017-03 conversion=10.3% (<30% threshold, spec: 'heavy')
CAPEX_INTENSITY_HIGH company_id=DRREDDY year=2018-03 capex_intensity=10.4% (>8% threshold, spec: 'capital intensive')
FCF_CONVERSION_HEAVY company_id=DRREDDY year=2018-03 conversion=13.6% (<30% threshold, spec: 'heavy')
CAPEX_INTENSITY_HIGH company_id=DRREDDY year=2021-03 capex_intensity=11.8% (>8% threshold, spec: 'capital intensive')
CAPEX_INTENSITY_HIGH company_id=DRREDDY year=2022-03 capex_intensity=11.9% (>8% threshold, spec: 'capital intensive')
FCF_CONVERSION_HEAVY company_id=DRREDDY year=2022-03 conversion=6.5% (<30% threshold, spec: 'heavy')
CAPEX_INTENSITY_HIGH company_id=DRREDDY year=2023-03 capex_intensity=16.7% (>8% threshold, spec: 'capital intensive')
FCF_CONVERSION_HEAVY company_id=DRREDDY year=2023-03 conversion=27.5% (<30% threshold, spec: 'heavy')
CAPEX_INTENSITY_HIGH company_id=DRREDDY year=2024-03 capex_intensity=14.4% (>8% threshold, spec: 'capital intensive')
FCF_CONVERSION_HEAVY company_id=DRREDDY year=2024-03 conversion=6.4% (<30% threshold, spec: 'heavy')
CAPEX_INTENSITY_HIGH company_id=EICHERMOT year=2012-12 capex_intensity=12.1% (>8% threshold, spec: 'capital intensive')
FCF_CONVERSION_HEAVY company_id=EICHERMOT year=2012-12 conversion=-50.4% (<30% threshold, spec: 'heavy')
CAPEX_INTENSITY_HIGH company_id=EICHERMOT year=2013-12 capex_intensity=11.6% (>8% threshold, spec: 'capital intensive')
FCF_CONVERSION_HEAVY company_id=EICHERMOT year=2013-12 conversion=-10.3% (<30% threshold, spec: 'heavy')
CAPEX_INTENSITY_HIGH company_id=EICHERMOT year=2014-12 capex_intensity=13.9% (>8% threshold, spec: 'capital intensive')
FCF_CONVERSION_HEAVY company_id=EICHERMOT year=2014-12 conversion=-14.9% (<30% threshold, spec: 'heavy')
CAPEX_INTENSITY_HIGH company_id=EICHERMOT year=2016-03 capex_intensity=16.2% (>8% threshold, spec: 'capital intensive')
FCF_CONVERSION_HEAVY company_id=EICHERMOT year=2016-03 conversion=27.3% (<30% threshold, spec: 'heavy')
CAPEX_INTENSITY_HIGH company_id=EICHERMOT year=2017-03 capex_intensity=24.8% (>8% threshold, spec: 'capital intensive')
FCF_CONVERSION_HEAVY company_id=EICHERMOT year=2017-03 conversion=-1.7% (<30% threshold, spec: 'heavy')
CAPEX_INTENSITY_HIGH company_id=EICHERMOT year=2018-03 capex_intensity=23.9% (>8% threshold, spec: 'capital intensive')
FCF_CONVERSION_HEAVY company_id=EICHERMOT year=2018-03 conversion=12.0% (<30% threshold, spec: 'heavy')
CAPEX_INTENSITY_HIGH company_id=EICHERMOT year=2020-03 capex_intensity=16.5% (>8% threshold, spec: 'capital intensive')
FCF_CONVERSION_HEAVY company_id=EICHERMOT year=2020-03 conversion=8.5% (<30% threshold, spec: 'heavy')
CAPEX_INTENSITY_HIGH company_id=EICHERMOT year=2021-03 capex_intensity=18.6% (>8% threshold, spec: 'capital intensive')
FCF_CONVERSION_HEAVY company_id=EICHERMOT year=2021-03 conversion=3.7% (<30% threshold, spec: 'heavy')
CAPEX_INTENSITY_HIGH company_id=EICHERMOT year=2022-03 capex_intensity=9.5% (>8% threshold, spec: 'capital intensive')
FCF_CONVERSION_HEAVY company_id=EICHERMOT year=2022-03 conversion=25.0% (<30% threshold, spec: 'heavy')
CAPEX_INTENSITY_HIGH company_id=EICHERMOT year=2023-03 capex_intensity=16.6% (>8% threshold, spec: 'capital intensive')
FCF_CONVERSION_HEAVY company_id=EICHERMOT year=2023-03 conversion=12.4% (<30% threshold, spec: 'heavy')
CAPEX_INTENSITY_HIGH company_id=EICHERMOT year=2024-03 capex_intensity=17.1% (>8% threshold, spec: 'capital intensive')
FCF_CONVERSION_HEAVY company_id=EICHERMOT year=2024-03 conversion=20.6% (<30% threshold, spec: 'heavy')
CAPEX_INTENSITY_HIGH company_id=GAIL year=2013-03 capex_intensity=16.9% (>8% threshold, spec: 'capital intensive')
FCF_CONVERSION_HEAVY company_id=GAIL year=2013-03 conversion=-27.2% (<30% threshold, spec: 'heavy')
FCF_CONVERSION_HEAVY company_id=GAIL year=2014-03 conversion=1.9% (<30% threshold, spec: 'heavy')
FCF_CONVERSION_HEAVY company_id=GAIL year=2015-03 conversion=25.0% (<30% threshold, spec: 'heavy')
FCF_CONVERSION_HEAVY company_id=GAIL year=2019-03 conversion=23.0% (<30% threshold, spec: 'heavy')
CAPEX_INTENSITY_HIGH company_id=GAIL year=2020-03 capex_intensity=11.4% (>8% threshold, spec: 'capital intensive')
FCF_CONVERSION_HEAVY company_id=GAIL year=2020-03 conversion=0.5% (<30% threshold, spec: 'heavy')
CAPEX_INTENSITY_HIGH company_id=GAIL year=2021-03 capex_intensity=8.1% (>8% threshold, spec: 'capital intensive')
FCF_CONVERSION_HEAVY company_id=GAIL year=2022-03 conversion=25.9% (<30% threshold, spec: 'heavy')
FCF_CONVERSION_HEAVY company_id=GAIL year=2023-03 conversion=-56.6% (<30% threshold, spec: 'heavy')
CAPEX_INTENSITY_HIGH company_id=GODREJCP year=2013-03 capex_intensity=13.5% (>8% threshold, spec: 'capital intensive')
FCF_CONVERSION_HEAVY company_id=GODREJCP year=2013-03 conversion=-4.5% (<30% threshold, spec: 'heavy')
CAPEX_INTENSITY_HIGH company_id=GODREJCP year=2015-03 capex_intensity=14.9% (>8% threshold, spec: 'capital intensive')
FCF_CONVERSION_HEAVY company_id=GODREJCP year=2015-03 conversion=-15.2% (<30% threshold, spec: 'heavy')
FCF_CONVERSION_HEAVY company_id=GODREJCP year=2016-03 conversion=13.6% (<30% threshold, spec: 'heavy')
CAPEX_INTENSITY_HIGH company_id=GODREJCP year=2017-03 capex_intensity=24.2% (>8% threshold, spec: 'capital intensive')
FCF_CONVERSION_HEAVY company_id=GODREJCP year=2017-03 conversion=-20.1% (<30% threshold, spec: 'heavy')
FCF_CONVERSION_HEAVY company_id=GODREJCP year=2022-03 conversion=25.2% (<30% threshold, spec: 'heavy')
CAPEX_INTENSITY_HIGH company_id=GODREJCP year=2023-03 capex_intensity=13.2% (>8% threshold, spec: 'capital intensive')
FCF_CONVERSION_HEAVY company_id=GODREJCP year=2023-03 conversion=16.3% (<30% threshold, spec: 'heavy')
CFO_QUALITY_ACCRUAL_RISK company_id=GODREJCP year=2024-03 CFO/PAT=-3.69 (<0.5 threshold)
CAPEX_INTENSITY_HIGH company_id=GODREJCP year=2024-03 capex_intensity=24.4% (>8% threshold, spec: 'capital intensive')
FCF_CONVERSION_HEAVY company_id=GODREJCP year=2024-03 conversion=-46.2% (<30% threshold, spec: 'heavy')
CAPEX_INTENSITY_HIGH company_id=GRASIM year=2013-03 capex_intensity=20.4% (>8% threshold, spec: 'capital intensive')
FCF_CONVERSION_HEAVY company_id=GRASIM year=2013-03 conversion=-24.4% (<30% threshold, spec: 'heavy')
CAPEX_INTENSITY_HIGH company_id=GRASIM year=2014-03 capex_intensity=8.2% (>8% threshold, spec: 'capital intensive')
FCF_CONVERSION_HEAVY company_id=GRASIM year=2014-03 conversion=24.7% (<30% threshold, spec: 'heavy')
CAPEX_INTENSITY_HIGH company_id=GRASIM year=2016-03 capex_intensity=13.1% (>8% threshold, spec: 'capital intensive')
FCF_CONVERSION_HEAVY company_id=GRASIM year=2016-03 conversion=22.9% (<30% threshold, spec: 'heavy')
CAPEX_INTENSITY_HIGH company_id=GRASIM year=2017-03 capex_intensity=9.7% (>8% threshold, spec: 'capital intensive')
CFO_QUALITY_ACCRUAL_RISK company_id=GRASIM year=2018-03 CFO/PAT=-1.12 (<0.5 threshold)
FCF_CONVERSION_HEAVY company_id=GRASIM year=2018-03 conversion=-22.3% (<30% threshold, spec: 'heavy')
CFO_QUALITY_ACCRUAL_RISK company_id=GRASIM year=2019-03 CFO/PAT=-0.60 (<0.5 threshold)
FCF_CONVERSION_HEAVY company_id=GRASIM year=2019-03 conversion=-23.3% (<30% threshold, spec: 'heavy')
CAPEX_INTENSITY_HIGH company_id=GRASIM year=2020-03 capex_intensity=16.7% (>8% threshold, spec: 'capital intensive')
CAPEX_INTENSITY_HIGH company_id=GRASIM year=2021-03 capex_intensity=9.4% (>8% threshold, spec: 'capital intensive')
FCF_CONVERSION_HEAVY company_id=GRASIM year=2022-03 conversion=29.3% (<30% threshold, spec: 'heavy')
CFO_QUALITY_ACCRUAL_RISK company_id=GRASIM year=2023-03 CFO/PAT=-1.15 (<0.5 threshold)
CAPEX_INTENSITY_HIGH company_id=GRASIM year=2023-03 capex_intensity=11.7% (>8% threshold, spec: 'capital intensive')
FCF_CONVERSION_HEAVY company_id=GRASIM year=2023-03 conversion=-122.3% (<30% threshold, spec: 'heavy')
CFO_QUALITY_ACCRUAL_RISK company_id=GRASIM year=2024-03 CFO/PAT=-1.08 (<0.5 threshold)
CAPEX_INTENSITY_HIGH company_id=GRASIM year=2024-03 capex_intensity=17.6% (>8% threshold, spec: 'capital intensive')
FCF_CONVERSION_HEAVY company_id=GRASIM year=2024-03 conversion=-124.4% (<30% threshold, spec: 'heavy')
NONE_RESULT field=return_on_equity_pct company_id=HAL year=2013-03
NONE_RESULT field=debt_to_equity company_id=HAL year=2013-03
NONE_RESULT field=asset_turnover company_id=HAL year=2013-03
NONE_RESULT field=return_on_equity_pct company_id=HAL year=2014-03
NONE_RESULT field=debt_to_equity company_id=HAL year=2014-03
NONE_RESULT field=asset_turnover company_id=HAL year=2014-03
NONE_RESULT field=return_on_equity_pct company_id=HAL year=2015-03
NONE_RESULT field=debt_to_equity company_id=HAL year=2015-03
NONE_RESULT field=asset_turnover company_id=HAL year=2015-03
SUSPECTED_SCALE_ANOMALY company_id=HAL year=2016-03 sales/total_assets=95.2x (>20x, implausible -- balance sheet likely mis-scaled relative to P&L; ROCE/AssetTurnover/D-E/ROE for this row should not be trusted without source verification)
SUSPECTED_SCALE_ANOMALY company_id=HAL year=2017-03 sales/total_assets=105.6x (>20x, implausible -- balance sheet likely mis-scaled relative to P&L; ROCE/AssetTurnover/D-E/ROE for this row should not be trusted without source verification)
CFO_QUALITY_ACCRUAL_RISK company_id=HAL year=2017-03 CFO/PAT=-0.16 (<0.5 threshold)
CAPEX_INTENSITY_HIGH company_id=HAL year=2017-03 capex_intensity=16.8% (>8% threshold, spec: 'capital intensive')
SUSPECTED_SCALE_ANOMALY company_id=HAL year=2018-03 sales/total_assets=111.6x (>20x, implausible -- balance sheet likely mis-scaled relative to P&L; ROCE/AssetTurnover/D-E/ROE for this row should not be trusted without source verification)
CFO_QUALITY_ACCRUAL_RISK company_id=HAL year=2018-03 CFO/PAT=-0.37 (<0.5 threshold)
FCF_CONVERSION_HEAVY company_id=HAL year=2018-03 conversion=-4.0% (<30% threshold, spec: 'heavy')
SUSPECTED_SCALE_ANOMALY company_id=HAL year=2019-03 sales/total_assets=114.3x (>20x, implausible -- balance sheet likely mis-scaled relative to P&L; ROCE/AssetTurnover/D-E/ROE for this row should not be trusted without source verification)
CFO_QUALITY_ACCRUAL_RISK company_id=HAL year=2019-03 CFO/PAT=-3.28 (<0.5 threshold)
CAPEX_INTENSITY_HIGH company_id=HAL year=2019-03 capex_intensity=26.4% (>8% threshold, spec: 'capital intensive')
FCF_CONVERSION_HEAVY company_id=HAL year=2019-03 conversion=-52.6% (<30% threshold, spec: 'heavy')
SUSPECTED_SCALE_ANOMALY company_id=HAL year=2020-03 sales/total_assets=124.0x (>20x, implausible -- balance sheet likely mis-scaled relative to P&L; ROCE/AssetTurnover/D-E/ROE for this row should not be trusted without source verification)
FCF_CONVERSION_HEAVY company_id=HAL year=2020-03 conversion=4.2% (<30% threshold, spec: 'heavy')
SUSPECTED_SCALE_ANOMALY company_id=HAL year=2021-03 sales/total_assets=123.0x (>20x, implausible -- balance sheet likely mis-scaled relative to P&L; ROCE/AssetTurnover/D-E/ROE for this row should not be trusted without source verification)
SUSPECTED_SCALE_ANOMALY company_id=HAL year=2022-03 sales/total_assets=121.9x (>20x, implausible -- balance sheet likely mis-scaled relative to P&L; ROCE/AssetTurnover/D-E/ROE for this row should not be trusted without source verification)
CAPEX_INTENSITY_HIGH company_id=HAL year=2022-03 capex_intensity=51.9% (>8% threshold, spec: 'capital intensive')
FCF_CONVERSION_HEAVY company_id=HAL year=2022-03 conversion=-48.1% (<30% threshold, spec: 'heavy')
SUSPECTED_SCALE_ANOMALY company_id=HAL year=2023-03 sales/total_assets=99.4x (>20x, implausible -- balance sheet likely mis-scaled relative to P&L; ROCE/AssetTurnover/D-E/ROE for this row should not be trusted without source verification)
CAPEX_INTENSITY_HIGH company_id=HAL year=2023-03 capex_intensity=21.3% (>8% threshold, spec: 'capital intensive')
SUSPECTED_SCALE_ANOMALY company_id=HAL year=2024-03 sales/total_assets=67.5x (>20x, implausible -- balance sheet likely mis-scaled relative to P&L; ROCE/AssetTurnover/D-E/ROE for this row should not be trusted without source verification)
CAPEX_INTENSITY_HIGH company_id=HAL year=2024-03 capex_intensity=21.1% (>8% threshold, spec: 'capital intensive')
FCF_CONVERSION_HEAVY company_id=HAL year=2024-03 conversion=18.6% (<30% threshold, spec: 'heavy')
CFO_QUALITY_ACCRUAL_RISK company_id=HAVELLS year=2016-03 CFO/PAT=0.39 (<0.5 threshold)
CAPEX_INTENSITY_HIGH company_id=HAVELLS year=2018-03 capex_intensity=11.7% (>8% threshold, spec: 'capital intensive')
FCF_CONVERSION_HEAVY company_id=HAVELLS year=2018-03 conversion=14.9% (<30% threshold, spec: 'heavy')
FCF_CONVERSION_HEAVY company_id=HAVELLS year=2020-03 conversion=26.1% (<30% threshold, spec: 'heavy')
FCF_CONVERSION_HEAVY company_id=HAVELLS year=2021-03 conversion=-6.5% (<30% threshold, spec: 'heavy')
CAPEX_INTENSITY_HIGH company_id=HAVELLS year=2024-03 capex_intensity=8.7% (>8% threshold, spec: 'capital intensive')
FCF_CONVERSION_HEAVY company_id=HAVELLS year=2024-03 conversion=17.8% (<30% threshold, spec: 'heavy')
CAPEX_INTENSITY_HIGH company_id=HCLTECH year=2013-06 capex_intensity=9.2% (>8% threshold, spec: 'capital intensive')
CAPEX_INTENSITY_HIGH company_id=HCLTECH year=2014-06 capex_intensity=15.1% (>8% threshold, spec: 'capital intensive')
FCF_CONVERSION_HEAVY company_id=HCLTECH year=2014-06 conversion=20.1% (<30% threshold, spec: 'heavy')
CAPEX_INTENSITY_HIGH company_id=HCLTECH year=2017-03 capex_intensity=8.2% (>8% threshold, spec: 'capital intensive')
CAPEX_INTENSITY_HIGH company_id=HCLTECH year=2020-03 capex_intensity=17.4% (>8% threshold, spec: 'capital intensive')
FCF_CONVERSION_HEAVY company_id=HCLTECH year=2020-03 conversion=5.9% (<30% threshold, spec: 'heavy')
OPM_CROSS_CHECK_MISMATCH company_id=HDFCBANK year=2013-03 computed=35.22 stated=3534.0
CFO_QUALITY_ACCRUAL_RISK company_id=HDFCBANK year=2013-03 CFO/PAT=-0.85 (<0.5 threshold)
FCF_CONVERSION_HEAVY company_id=HDFCBANK year=2013-03 conversion=-53.4% (<30% threshold, spec: 'heavy')
OPM_CROSS_CHECK_MISMATCH company_id=HDFCBANK year=2014-03 computed=31.74 stated=5602.0
CFO_QUALITY_ACCRUAL_RISK company_id=HDFCBANK year=2014-03 CFO/PAT=0.48 (<0.5 threshold)
FCF_CONVERSION_HEAVY company_id=HDFCBANK year=2014-03 conversion=23.0% (<30% threshold, spec: 'heavy')
OPM_CROSS_CHECK_MISMATCH company_id=HDFCBANK year=2015-03 computed=31.90 stated=7214.0
CFO_QUALITY_ACCRUAL_RISK company_id=HDFCBANK year=2015-03 CFO/PAT=-1.99 (<0.5 threshold)
FCF_CONVERSION_HEAVY company_id=HDFCBANK year=2015-03 conversion=-136.6% (<30% threshold, spec: 'heavy')
OPM_CROSS_CHECK_MISMATCH company_id=HDFCBANK year=2016-03 computed=31.75 stated=9037.0
CFO_QUALITY_ACCRUAL_RISK company_id=HDFCBANK year=2016-03 CFO/PAT=-2.69 (<0.5 threshold)
FCF_CONVERSION_HEAVY company_id=HDFCBANK year=2016-03 conversion=-175.9% (<30% threshold, spec: 'heavy')
OPM_CROSS_CHECK_MISMATCH company_id=HDFCBANK year=2017-03 computed=32.56 stated=11374.0
OPM_CROSS_CHECK_MISMATCH company_id=HDFCBANK year=2018-03 computed=34.63 stated=13374.0
OPM_CROSS_CHECK_MISMATCH company_id=HDFCBANK year=2019-03 computed=33.15 stated=16592.0
CFO_QUALITY_ACCRUAL_RISK company_id=HDFCBANK year=2019-03 CFO/PAT=-2.80 (<0.5 threshold)
FCF_CONVERSION_HEAVY company_id=HDFCBANK year=2019-03 conversion=-184.7% (<30% threshold, spec: 'heavy')
OPM_CROSS_CHECK_MISMATCH company_id=HDFCBANK year=2020-03 computed=37.20 stated=14593.0
CFO_QUALITY_ACCRUAL_RISK company_id=HDFCBANK year=2020-03 CFO/PAT=-0.62 (<0.5 threshold)
FCF_CONVERSION_HEAVY company_id=HDFCBANK year=2020-03 conversion=-40.2% (<30% threshold, spec: 'heavy')
OPM_CROSS_CHECK_MISMATCH company_id=HDFCBANK year=2021-03 computed=40.81 stated=16848.0
OPM_CROSS_CHECK_MISMATCH company_id=HDFCBANK year=2022-03 computed=41.61 stated=20795.0
CFO_QUALITY_ACCRUAL_RISK company_id=HDFCBANK year=2022-03 CFO/PAT=-0.31 (<0.5 threshold)
FCF_CONVERSION_HEAVY company_id=HDFCBANK year=2022-03 conversion=-24.8% (<30% threshold, spec: 'heavy')
OPM_CROSS_CHECK_MISMATCH company_id=HDFCBANK year=2023-03 computed=36.92 stated=29932.0
CFO_QUALITY_ACCRUAL_RISK company_id=HDFCBANK year=2023-03 CFO/PAT=0.45 (<0.5 threshold)
FCF_CONVERSION_HEAVY company_id=HDFCBANK year=2023-03 conversion=28.3% (<30% threshold, spec: 'heavy')
OPM_CROSS_CHECK_MISMATCH company_id=HDFCBANK year=2024-03 computed=61.41 stated=-44685.0
CFO_QUALITY_ACCRUAL_RISK company_id=HDFCBANK year=2024-03 CFO/PAT=0.29 (<0.5 threshold)
FCF_CONVERSION_HEAVY company_id=HDFCBANK year=2024-03 conversion=20.5% (<30% threshold, spec: 'heavy')
OPM_CROSS_CHECK_MISMATCH company_id=HDFCLIFE year=2013-03 computed=96.27 stated=525.0
OPM_CROSS_CHECK_MISMATCH company_id=HDFCLIFE year=2014-03 computed=96.48 stated=605.0
OPM_CROSS_CHECK_MISMATCH company_id=HDFCLIFE year=2015-03 computed=96.79 stated=874.0
CAPEX_INTENSITY_HIGH company_id=HDFCLIFE year=2015-03 capex_intensity=12.9% (>8% threshold, spec: 'capital intensive')
FCF_CONVERSION_HEAVY company_id=HDFCLIFE year=2015-03 conversion=3.6% (<30% threshold, spec: 'heavy')
OPM_CROSS_CHECK_MISMATCH company_id=HDFCLIFE year=2016-03 computed=94.74 stated=953.0
CAPEX_INTENSITY_HIGH company_id=HDFCLIFE year=2016-03 capex_intensity=21.8% (>8% threshold, spec: 'capital intensive')
FCF_CONVERSION_HEAVY company_id=HDFCLIFE year=2016-03 conversion=10.0% (<30% threshold, spec: 'heavy')
OPM_CROSS_CHECK_MISMATCH company_id=HDFCLIFE year=2017-03 computed=96.83 stated=972.0
CAPEX_INTENSITY_HIGH company_id=HDFCLIFE year=2017-03 capex_intensity=16.9% (>8% threshold, spec: 'capital intensive')
FCF_CONVERSION_HEAVY company_id=HDFCLIFE year=2017-03 conversion=3.5% (<30% threshold, spec: 'heavy')
OPM_CROSS_CHECK_MISMATCH company_id=HDFCLIFE year=2018-03 computed=96.67 stated=1074.0
CAPEX_INTENSITY_HIGH company_id=HDFCLIFE year=2018-03 capex_intensity=13.7% (>8% threshold, spec: 'capital intensive')
FCF_CONVERSION_HEAVY company_id=HDFCLIFE year=2018-03 conversion=7.4% (<30% threshold, spec: 'heavy')
OPM_CROSS_CHECK_MISMATCH company_id=HDFCLIFE year=2019-03 computed=96.87 stated=1215.0
CAPEX_INTENSITY_HIGH company_id=HDFCLIFE year=2019-03 capex_intensity=26.2% (>8% threshold, spec: 'capital intensive')
FCF_CONVERSION_HEAVY company_id=HDFCLIFE year=2019-03 conversion=-0.8% (<30% threshold, spec: 'heavy')
OPM_CROSS_CHECK_MISMATCH company_id=HDFCLIFE year=2020-03 computed=96.12 stated=1141.0
CAPEX_INTENSITY_HIGH company_id=HDFCLIFE year=2020-03 capex_intensity=26.5% (>8% threshold, spec: 'capital intensive')
FCF_CONVERSION_HEAVY company_id=HDFCLIFE year=2020-03 conversion=-1.4% (<30% threshold, spec: 'heavy')
OPM_CROSS_CHECK_MISMATCH company_id=HDFCLIFE year=2021-03 computed=98.27 stated=1235.0
CAPEX_INTENSITY_HIGH company_id=HDFCLIFE year=2021-03 capex_intensity=12.5% (>8% threshold, spec: 'capital intensive')
FCF_CONVERSION_HEAVY company_id=HDFCLIFE year=2021-03 conversion=1.1% (<30% threshold, spec: 'heavy')
OPM_CROSS_CHECK_MISMATCH company_id=HDFCLIFE year=2022-03 computed=98.84 stated=778.0
FCF_CONVERSION_HEAVY company_id=HDFCLIFE year=2022-03 conversion=7.8% (<30% threshold, spec: 'heavy')
OPM_CROSS_CHECK_MISMATCH company_id=HDFCLIFE year=2023-03 computed=99.89 stated=80.0
CAPEX_INTENSITY_HIGH company_id=HDFCLIFE year=2023-03 capex_intensity=14.3% (>8% threshold, spec: 'capital intensive')
FCF_CONVERSION_HEAVY company_id=HDFCLIFE year=2023-03 conversion=-4.5% (<30% threshold, spec: 'heavy')
OPM_CROSS_CHECK_MISMATCH company_id=HDFCLIFE year=2024-03 computed=99.48 stated=531.0
CAPEX_INTENSITY_HIGH company_id=HDFCLIFE year=2024-03 capex_intensity=13.4% (>8% threshold, spec: 'capital intensive')
FCF_CONVERSION_HEAVY company_id=HDFCLIFE year=2024-03 conversion=-2.9% (<30% threshold, spec: 'heavy')
OPM_CROSS_CHECK_MISMATCH company_id=HEROMOTOCO year=2014-03 computed=85.94 stated=3553.0
FCF_CONVERSION_HEAVY company_id=HEROMOTOCO year=2014-03 conversion=6.2% (<30% threshold, spec: 'heavy')
OPM_CROSS_CHECK_MISMATCH company_id=HEROMOTOCO year=2015-03 computed=87.22 stated=3520.0
FCF_CONVERSION_HEAVY company_id=HEROMOTOCO year=2015-03 conversion=9.2% (<30% threshold, spec: 'heavy')
OPM_CROSS_CHECK_MISMATCH company_id=HEROMOTOCO year=2016-03 computed=84.45 stated=4424.0
CAPEX_INTENSITY_HIGH company_id=HEROMOTOCO year=2016-03 capex_intensity=8.1% (>8% threshold, spec: 'capital intensive')
FCF_CONVERSION_HEAVY company_id=HEROMOTOCO year=2016-03 conversion=5.9% (<30% threshold, spec: 'heavy')
OPM_CROSS_CHECK_MISMATCH company_id=HEROMOTOCO year=2017-03 computed=83.97 stated=4585.0
FCF_CONVERSION_HEAVY company_id=HEROMOTOCO year=2017-03 conversion=8.5% (<30% threshold, spec: 'heavy')
OPM_CROSS_CHECK_MISMATCH company_id=HEROMOTOCO year=2018-03 computed=83.57 stated=5334.0
FCF_CONVERSION_HEAVY company_id=HEROMOTOCO year=2018-03 conversion=8.0% (<30% threshold, spec: 'heavy')
OPM_CROSS_CHECK_MISMATCH company_id=HEROMOTOCO year=2019-03 computed=85.21 stated=5025.0
CFO_QUALITY_ACCRUAL_RISK company_id=HEROMOTOCO year=2019-03 CFO/PAT=0.30 (<0.5 threshold)
FCF_CONVERSION_HEAVY company_id=HEROMOTOCO year=2019-03 conversion=8.0% (<30% threshold, spec: 'heavy')
OPM_CROSS_CHECK_MISMATCH company_id=HEROMOTOCO year=2020-03 computed=86.09 stated=4070.0
CAPEX_INTENSITY_HIGH company_id=HEROMOTOCO year=2020-03 capex_intensity=9.6% (>8% threshold, spec: 'capital intensive')
FCF_CONVERSION_HEAVY company_id=HEROMOTOCO year=2020-03 conversion=10.7% (<30% threshold, spec: 'heavy')
OPM_CROSS_CHECK_MISMATCH company_id=HEROMOTOCO year=2021-03 computed=86.90 stated=4058.0
FCF_CONVERSION_HEAVY company_id=HEROMOTOCO year=2021-03 conversion=6.8% (<30% threshold, spec: 'heavy')
OPM_CROSS_CHECK_MISMATCH company_id=HEROMOTOCO year=2022-03 computed=88.98 stated=3256.0
FCF_CONVERSION_HEAVY company_id=HEROMOTOCO year=2022-03 conversion=7.2% (<30% threshold, spec: 'heavy')
OPM_CROSS_CHECK_MISMATCH company_id=HEROMOTOCO year=2023-03 computed=88.00 stated=4099.0
FCF_CONVERSION_HEAVY company_id=HEROMOTOCO year=2023-03 conversion=7.3% (<30% threshold, spec: 'heavy')
OPM_CROSS_CHECK_MISMATCH company_id=HEROMOTOCO year=2024-03 computed=86.15 stated=5235.0
FCF_CONVERSION_HEAVY company_id=HEROMOTOCO year=2024-03 conversion=9.5% (<30% threshold, spec: 'heavy')
OPM_CROSS_CHECK_MISMATCH company_id=HINDALCO year=2013-03 computed=90.40 stated=7699.0
CAPEX_INTENSITY_HIGH company_id=HINDALCO year=2013-03 capex_intensity=17.2% (>8% threshold, spec: 'capital intensive')
FCF_CONVERSION_HEAVY company_id=HINDALCO year=2013-03 conversion=-14.9% (<30% threshold, spec: 'heavy')
OPM_CROSS_CHECK_MISMATCH company_id=HINDALCO year=2014-03 computed=90.85 stated=8024.0
CAPEX_INTENSITY_HIGH company_id=HINDALCO year=2014-03 capex_intensity=9.2% (>8% threshold, spec: 'capital intensive')
FCF_CONVERSION_HEAVY company_id=HINDALCO year=2014-03 conversion=-0.2% (<30% threshold, spec: 'heavy')
OPM_CROSS_CHECK_MISMATCH company_id=HINDALCO year=2015-03 computed=91.52 stated=8844.0
FCF_CONVERSION_HEAVY company_id=HINDALCO year=2015-03 conversion=3.4% (<30% threshold, spec: 'heavy')
OPM_CROSS_CHECK_MISMATCH company_id=HINDALCO year=2016-03 computed=92.12 stated=7778.0
CFO_QUALITY_ACCRUAL_RISK company_id=HINDALCO year=2016-03 CFO/PAT=-16.65 (<0.5 threshold)
FCF_CONVERSION_HEAVY company_id=HINDALCO year=2016-03 conversion=9.3% (<30% threshold, spec: 'heavy')
OPM_CROSS_CHECK_MISMATCH company_id=HINDALCO year=2017-03 computed=87.71 stated=12317.0
FCF_CONVERSION_HEAVY company_id=HINDALCO year=2017-03 conversion=11.2% (<30% threshold, spec: 'heavy')
OPM_CROSS_CHECK_MISMATCH company_id=HINDALCO year=2018-03 computed=88.11 stated=13695.0
FCF_CONVERSION_HEAVY company_id=HINDALCO year=2018-03 conversion=16.0% (<30% threshold, spec: 'heavy')
OPM_CROSS_CHECK_MISMATCH company_id=HINDALCO year=2019-03 computed=88.12 stated=15511.0
FCF_CONVERSION_HEAVY company_id=HINDALCO year=2019-03 conversion=5.7% (<30% threshold, spec: 'heavy')
OPM_CROSS_CHECK_MISMATCH company_id=HINDALCO year=2020-03 computed=87.89 stated=14306.0
FCF_CONVERSION_HEAVY company_id=HINDALCO year=2020-03 conversion=5.3% (<30% threshold, spec: 'heavy')
OPM_CROSS_CHECK_MISMATCH company_id=HINDALCO year=2021-03 computed=86.70 stated=17559.0
CAPEX_INTENSITY_HIGH company_id=HINDALCO year=2021-03 capex_intensity=19.2% (>8% threshold, spec: 'capital intensive')
FCF_CONVERSION_HEAVY company_id=HINDALCO year=2021-03 conversion=-7.0% (<30% threshold, spec: 'heavy')
OPM_CROSS_CHECK_MISMATCH company_id=HINDALCO year=2022-03 computed=85.47 stated=28347.0
FCF_CONVERSION_HEAVY company_id=HINDALCO year=2022-03 conversion=6.0% (<30% threshold, spec: 'heavy')
OPM_CROSS_CHECK_MISMATCH company_id=HINDALCO year=2023-03 computed=89.85 stated=22666.0
FCF_CONVERSION_HEAVY company_id=HINDALCO year=2023-03 conversion=5.8% (<30% threshold, spec: 'heavy')
OPM_CROSS_CHECK_MISMATCH company_id=HINDALCO year=2024-03 computed=88.95 stated=23872.0
FCF_CONVERSION_HEAVY company_id=HINDALCO year=2024-03 conversion=5.1% (<30% threshold, spec: 'heavy')
OPM_CROSS_CHECK_MISMATCH company_id=HINDUNILVR year=2013-03 computed=84.37 stated=4220.0
FCF_CONVERSION_HEAVY company_id=HINDUNILVR year=2013-03 conversion=16.1% (<30% threshold, spec: 'heavy')
OPM_CROSS_CHECK_MISMATCH company_id=HINDUNILVR year=2014-03 computed=83.72 stated=4759.0
FCF_CONVERSION_HEAVY company_id=HINDUNILVR year=2014-03 conversion=13.7% (<30% threshold, spec: 'heavy')
OPM_CROSS_CHECK_MISMATCH company_id=HINDUNILVR year=2015-03 computed=83.07 stated=5412.0
FCF_CONVERSION_HEAVY company_id=HINDUNILVR year=2015-03 conversion=12.9% (<30% threshold, spec: 'heavy')
OPM_CROSS_CHECK_MISMATCH company_id=HINDUNILVR year=2016-03 computed=81.64 stated=5910.0
FCF_CONVERSION_HEAVY company_id=HINDUNILVR year=2016-03 conversion=14.8% (<30% threshold, spec: 'heavy')
OPM_CROSS_CHECK_MISMATCH company_id=HINDUNILVR year=2017-03 computed=80.92 stated=6328.0
FCF_CONVERSION_HEAVY company_id=HINDUNILVR year=2017-03 conversion=15.0% (<30% threshold, spec: 'heavy')
OPM_CROSS_CHECK_MISMATCH company_id=HINDUNILVR year=2018-03 computed=78.90 stated=7499.0
FCF_CONVERSION_HEAVY company_id=HINDUNILVR year=2018-03 conversion=17.8% (<30% threshold, spec: 'heavy')
OPM_CROSS_CHECK_MISMATCH company_id=HINDUNILVR year=2019-03 computed=77.41 stated=8880.0
FCF_CONVERSION_HEAVY company_id=HINDUNILVR year=2019-03 conversion=17.6% (<30% threshold, spec: 'heavy')
OPM_CROSS_CHECK_MISMATCH company_id=HINDUNILVR year=2020-03 computed=75.21 stated=9861.0
OPM_CROSS_CHECK_MISMATCH company_id=HINDUNILVR year=2021-03 computed=75.28 stated=11626.0
FCF_CONVERSION_HEAVY company_id=HINDUNILVR year=2021-03 conversion=22.4% (<30% threshold, spec: 'heavy')
OPM_CROSS_CHECK_MISMATCH company_id=HINDUNILVR year=2022-03 computed=75.49 stated=12857.0
FCF_CONVERSION_HEAVY company_id=HINDUNILVR year=2022-03 conversion=18.5% (<30% threshold, spec: 'heavy')
OPM_CROSS_CHECK_MISMATCH company_id=HINDUNILVR year=2023-03 computed=76.65 stated=14147.0
FCF_CONVERSION_HEAVY company_id=HINDUNILVR year=2023-03 conversion=18.3% (<30% threshold, spec: 'heavy')
OPM_CROSS_CHECK_MISMATCH company_id=HINDUNILVR year=2024-03 computed=76.32 stated=14659.0
CAPEX_INTENSITY_HIGH company_id=HINDUNILVR year=2024-03 capex_intensity=8.6% (>8% threshold, spec: 'capital intensive')
FCF_CONVERSION_HEAVY company_id=HINDUNILVR year=2024-03 conversion=21.5% (<30% threshold, spec: 'heavy')
OPM_CROSS_CHECK_MISMATCH company_id=ICICIBANK year=2013-03 computed=70.59 stated=-15085.0
CAPEX_INTENSITY_HIGH company_id=ICICIBANK year=2013-03 capex_intensity=41.4% (>8% threshold, spec: 'capital intensive')
FCF_CONVERSION_HEAVY company_id=ICICIBANK year=2013-03 conversion=-3.4% (<30% threshold, spec: 'heavy')
OPM_CROSS_CHECK_MISMATCH company_id=ICICIBANK year=2014-03 computed=66.40 stated=-13084.0
CAPEX_INTENSITY_HIGH company_id=ICICIBANK year=2014-03 capex_intensity=31.8% (>8% threshold, spec: 'capital intensive')
FCF_CONVERSION_HEAVY company_id=ICICIBANK year=2014-03 conversion=-27.3% (<30% threshold, spec: 'heavy')
OPM_CROSS_CHECK_MISMATCH company_id=ICICIBANK year=2015-03 computed=70.53 stated=-16120.0
CFO_QUALITY_ACCRUAL_RISK company_id=ICICIBANK year=2015-03 CFO/PAT=-0.95 (<0.5 threshold)
CAPEX_INTENSITY_HIGH company_id=ICICIBANK year=2015-03 capex_intensity=24.0% (>8% threshold, spec: 'capital intensive')
FCF_CONVERSION_HEAVY company_id=ICICIBANK year=2015-03 conversion=-65.6% (<30% threshold, spec: 'heavy')
OPM_CROSS_CHECK_MISMATCH company_id=ICICIBANK year=2016-03 computed=88.12 stated=-26955.0
CAPEX_INTENSITY_HIGH company_id=ICICIBANK year=2016-03 capex_intensity=20.3% (>8% threshold, spec: 'capital intensive')
FCF_CONVERSION_HEAVY company_id=ICICIBANK year=2016-03 conversion=22.2% (<30% threshold, spec: 'heavy')
OPM_CROSS_CHECK_MISMATCH company_id=ICICIBANK year=2017-03 computed=104.76 stated=-37737.0
OPM_CROSS_CHECK_MISMATCH company_id=ICICIBANK year=2018-03 computed=117.12 stated=-44906.0
CAPEX_INTENSITY_HIGH company_id=ICICIBANK year=2018-03 capex_intensity=81.3% (>8% threshold, spec: 'capital intensive')
FCF_CONVERSION_HEAVY company_id=ICICIBANK year=2018-03 conversion=-42.8% (<30% threshold, spec: 'heavy')
OPM_CROSS_CHECK_MISMATCH company_id=ICICIBANK year=2019-03 computed=116.38 stated=-50971.0
CAPEX_INTENSITY_HIGH company_id=ICICIBANK year=2019-03 capex_intensity=42.1% (>8% threshold, spec: 'capital intensive')
FCF_CONVERSION_HEAVY company_id=ICICIBANK year=2019-03 conversion=22.0% (<30% threshold, spec: 'heavy')
OPM_CROSS_CHECK_MISMATCH company_id=ICICIBANK year=2020-03 computed=100.62 stated=-45190.0
CAPEX_INTENSITY_HIGH company_id=ICICIBANK year=2020-03 capex_intensity=49.6% (>8% threshold, spec: 'capital intensive')
OPM_CROSS_CHECK_MISMATCH company_id=ICICIBANK year=2021-03 computed=102.41 stated=-44805.0
CAPEX_INTENSITY_HIGH company_id=ICICIBANK year=2021-03 capex_intensity=71.4% (>8% threshold, spec: 'capital intensive')
OPM_CROSS_CHECK_MISMATCH company_id=ICICIBANK year=2022-03 computed=84.69 stated=-26558.0
CAPEX_INTENSITY_HIGH company_id=ICICIBANK year=2022-03 capex_intensity=41.3% (>8% threshold, spec: 'capital intensive')
FCF_CONVERSION_HEAVY company_id=ICICIBANK year=2022-03 conversion=23.1% (<30% threshold, spec: 'heavy')
OPM_CROSS_CHECK_MISMATCH company_id=ICICIBANK year=2023-03 computed=72.57 stated=-17341.0
CFO_QUALITY_ACCRUAL_RISK company_id=ICICIBANK year=2023-03 CFO/PAT=-0.11 (<0.5 threshold)
CAPEX_INTENSITY_HIGH company_id=ICICIBANK year=2023-03 capex_intensity=55.9% (>8% threshold, spec: 'capital intensive')
FCF_CONVERSION_HEAVY company_id=ICICIBANK year=2023-03 conversion=-81.3% (<30% threshold, spec: 'heavy')
OPM_CROSS_CHECK_MISMATCH company_id=ICICIBANK year=2024-03 computed=62.41 stated=-14152.0
CAPEX_INTENSITY_HIGH company_id=ICICIBANK year=2024-03 capex_intensity=90.7% (>8% threshold, spec: 'capital intensive')
FCF_CONVERSION_HEAVY company_id=ICICIBANK year=2024-03 conversion=12.6% (<30% threshold, spec: 'heavy')
OPM_CROSS_CHECK_MISMATCH company_id=ICICIGI year=2013-03 computed=104.46 stated=-178.0
CAPEX_INTENSITY_HIGH company_id=ICICIGI year=2013-03 capex_intensity=24.0% (>8% threshold, spec: 'capital intensive')
FCF_CONVERSION_HEAVY company_id=ICICIGI year=2013-03 conversion=0.5% (<30% threshold, spec: 'heavy')
OPM_CROSS_CHECK_MISMATCH company_id=ICICIGI year=2014-03 computed=105.19 stated=-225.0
CAPEX_INTENSITY_HIGH company_id=ICICIGI year=2014-03 capex_intensity=16.2% (>8% threshold, spec: 'capital intensive')
FCF_CONVERSION_HEAVY company_id=ICICIGI year=2014-03 conversion=-2.4% (<30% threshold, spec: 'heavy')
OPM_CROSS_CHECK_MISMATCH company_id=ICICIGI year=2015-03 computed=105.24 stated=-221.0
CFO_QUALITY_ACCRUAL_RISK company_id=ICICIGI year=2015-03 CFO/PAT=-0.17 (<0.5 threshold)
FCF_CONVERSION_HEAVY company_id=ICICIGI year=2015-03 conversion=1.6% (<30% threshold, spec: 'heavy')
OPM_CROSS_CHECK_MISMATCH company_id=ICICIGI year=2016-03 computed=87.34 stated=764.0
DEBT_FREE_SUBSTITUTION company_id=ICICIGI year=2016-03 interest=0 -> ICR set to sentinel 999.0
FCF_CONVERSION_HEAVY company_id=ICICIGI year=2016-03 conversion=3.8% (<30% threshold, spec: 'heavy')
OPM_CROSS_CHECK_MISMATCH company_id=ICICIGI year=2017-03 computed=87.78 stated=919.0
CAPEX_INTENSITY_HIGH company_id=ICICIGI year=2017-03 capex_intensity=26.5% (>8% threshold, spec: 'capital intensive')
FCF_CONVERSION_HEAVY company_id=ICICIGI year=2017-03 conversion=-5.5% (<30% threshold, spec: 'heavy')
OPM_CROSS_CHECK_MISMATCH company_id=ICICIGI year=2018-03 computed=103.79 stated=-262.0
CAPEX_INTENSITY_HIGH company_id=ICICIGI year=2018-03 capex_intensity=27.4% (>8% threshold, spec: 'capital intensive')
FCF_CONVERSION_HEAVY company_id=ICICIGI year=2018-03 conversion=6.9% (<30% threshold, spec: 'heavy')
OPM_CROSS_CHECK_MISMATCH company_id=ICICIGI year=2019-03 computed=85.05 stated=1669.0
CAPEX_INTENSITY_HIGH company_id=ICICIGI year=2019-03 capex_intensity=25.6% (>8% threshold, spec: 'capital intensive')
FCF_CONVERSION_HEAVY company_id=ICICIGI year=2019-03 conversion=1.3% (<30% threshold, spec: 'heavy')
OPM_CROSS_CHECK_MISMATCH company_id=ICICIGI year=2020-03 computed=84.61 stated=1772.0
CAPEX_INTENSITY_HIGH company_id=ICICIGI year=2020-03 capex_intensity=29.4% (>8% threshold, spec: 'capital intensive')
FCF_CONVERSION_HEAVY company_id=ICICIGI year=2020-03 conversion=0.5% (<30% threshold, spec: 'heavy')
OPM_CROSS_CHECK_MISMATCH company_id=ICICIGI year=2021-03 computed=82.97 stated=2072.0
CAPEX_INTENSITY_HIGH company_id=ICICIGI year=2021-03 capex_intensity=11.2% (>8% threshold, spec: 'capital intensive')
FCF_CONVERSION_HEAVY company_id=ICICIGI year=2021-03 conversion=4.0% (<30% threshold, spec: 'heavy')
OPM_CROSS_CHECK_MISMATCH company_id=ICICIGI year=2022-03 computed=93.66 stated=1016.0
FCF_CONVERSION_HEAVY company_id=ICICIGI year=2022-03 conversion=6.3% (<30% threshold, spec: 'heavy')
OPM_CROSS_CHECK_MISMATCH company_id=ICICIGI year=2023-03 computed=92.93 stated=1264.0
CAPEX_INTENSITY_HIGH company_id=ICICIGI year=2023-03 capex_intensity=9.4% (>8% threshold, spec: 'capital intensive')
FCF_CONVERSION_HEAVY company_id=ICICIGI year=2023-03 conversion=3.6% (<30% threshold, spec: 'heavy')
OPM_CROSS_CHECK_MISMATCH company_id=ICICIGI year=2024-03 computed=87.42 stated=2577.0
CAPEX_INTENSITY_HIGH company_id=ICICIGI year=2024-03 capex_intensity=9.4% (>8% threshold, spec: 'capital intensive')
FCF_CONVERSION_HEAVY company_id=ICICIGI year=2024-03 conversion=2.7% (<30% threshold, spec: 'heavy')
OPM_CROSS_CHECK_MISMATCH company_id=ICICIPRULI year=2013-03 computed=96.28 stated=745.0
CFO_QUALITY_ACCRUAL_RISK company_id=ICICIPRULI year=2013-03 CFO/PAT=-1.74 (<0.5 threshold)
FCF_CONVERSION_HEAVY company_id=ICICIPRULI year=2013-03 conversion=-5.6% (<30% threshold, spec: 'heavy')
OPM_CROSS_CHECK_MISMATCH company_id=ICICIPRULI year=2014-03 computed=93.13 stated=1504.0
CFO_QUALITY_ACCRUAL_RISK company_id=ICICIPRULI year=2014-03 CFO/PAT=-1.53 (<0.5 threshold)
CAPEX_INTENSITY_HIGH company_id=ICICIPRULI year=2014-03 capex_intensity=27.5% (>8% threshold, spec: 'capital intensive')
FCF_CONVERSION_HEAVY company_id=ICICIPRULI year=2014-03 conversion=17.8% (<30% threshold, spec: 'heavy')
OPM_CROSS_CHECK_MISMATCH company_id=ICICIPRULI year=2015-03 computed=95.20 stated=1655.0
CFO_QUALITY_ACCRUAL_RISK company_id=ICICIPRULI year=2015-03 CFO/PAT=0.32 (<0.5 threshold)
FCF_CONVERSION_HEAVY company_id=ICICIPRULI year=2015-03 conversion=-4.0% (<30% threshold, spec: 'heavy')
OPM_CROSS_CHECK_MISMATCH company_id=ICICIPRULI year=2016-03 computed=91.17 stated=1842.0
DEBT_FREE_SUBSTITUTION company_id=ICICIPRULI year=2016-03 interest=0 -> ICR set to sentinel 999.0
FCF_CONVERSION_HEAVY company_id=ICICIPRULI year=2016-03 conversion=19.3% (<30% threshold, spec: 'heavy')
OPM_CROSS_CHECK_MISMATCH company_id=ICICIPRULI year=2017-03 computed=95.22 stated=1806.0
FCF_CONVERSION_HEAVY company_id=ICICIPRULI year=2017-03 conversion=9.5% (<30% threshold, spec: 'heavy')
OPM_CROSS_CHECK_MISMATCH company_id=ICICIPRULI year=2018-03 computed=95.44 stated=1771.0
CAPEX_INTENSITY_HIGH company_id=ICICIPRULI year=2018-03 capex_intensity=13.9% (>8% threshold, spec: 'capital intensive')
FCF_CONVERSION_HEAVY company_id=ICICIPRULI year=2018-03 conversion=0.8% (<30% threshold, spec: 'heavy')
OPM_CROSS_CHECK_MISMATCH company_id=ICICIPRULI year=2019-03 computed=98.70 stated=541.0
CAPEX_INTENSITY_HIGH company_id=ICICIPRULI year=2019-03 capex_intensity=18.2% (>8% threshold, spec: 'capital intensive')
FCF_CONVERSION_HEAVY company_id=ICICIPRULI year=2019-03 conversion=9.3% (<30% threshold, spec: 'heavy')
OPM_CROSS_CHECK_MISMATCH company_id=ICICIPRULI year=2020-03 computed=101.52 stated=-319.0
CAPEX_INTENSITY_HIGH company_id=ICICIPRULI year=2020-03 capex_intensity=51.4% (>8% threshold, spec: 'capital intensive')
FCF_CONVERSION_HEAVY company_id=ICICIPRULI year=2020-03 conversion=-10.3% (<30% threshold, spec: 'heavy')
OPM_CROSS_CHECK_MISMATCH company_id=ICICIPRULI year=2021-03 computed=100.47 stated=-390.0
FCF_CONVERSION_HEAVY company_id=ICICIPRULI year=2021-03 conversion=2.7% (<30% threshold, spec: 'heavy')
OPM_CROSS_CHECK_MISMATCH company_id=ICICIPRULI year=2022-03 computed=103.40 stated=-2163.0
FCF_CONVERSION_HEAVY company_id=ICICIPRULI year=2022-03 conversion=1.5% (<30% threshold, spec: 'heavy')
OPM_CROSS_CHECK_MISMATCH company_id=ICICIPRULI year=2023-03 computed=103.48 stated=-1757.0
CFO_QUALITY_ACCRUAL_RISK company_id=ICICIPRULI year=2023-03 CFO/PAT=0.11 (<0.5 threshold)
FCF_CONVERSION_HEAVY company_id=ICICIPRULI year=2023-03 conversion=-2.0% (<30% threshold, spec: 'heavy')
OPM_CROSS_CHECK_MISMATCH company_id=ICICIPRULI year=2024-03 computed=102.03 stated=-1829.0
CFO_QUALITY_ACCRUAL_RISK company_id=ICICIPRULI year=2024-03 CFO/PAT=-8.60 (<0.5 threshold)
CAPEX_INTENSITY_HIGH company_id=ICICIPRULI year=2024-03 capex_intensity=8.2% (>8% threshold, spec: 'capital intensive')
FCF_CONVERSION_HEAVY company_id=ICICIPRULI year=2024-03 conversion=0.1% (<30% threshold, spec: 'heavy')
OPM_CROSS_CHECK_MISMATCH company_id=INDUSINDBK year=2013-03 computed=27.88 stated=286.0
CFO_QUALITY_ACCRUAL_RISK company_id=INDUSINDBK year=2013-03 CFO/PAT=-0.46 (<0.5 threshold)
FCF_CONVERSION_HEAVY company_id=INDUSINDBK year=2013-03 conversion=-33.9% (<30% threshold, spec: 'heavy')
OPM_CROSS_CHECK_MISMATCH company_id=INDUSINDBK year=2014-03 computed=30.95 stated=335.0
CFO_QUALITY_ACCRUAL_RISK company_id=INDUSINDBK year=2014-03 CFO/PAT=-2.92 (<0.5 threshold)
FCF_CONVERSION_HEAVY company_id=INDUSINDBK year=2014-03 conversion=-167.5% (<30% threshold, spec: 'heavy')
OPM_CROSS_CHECK_MISMATCH company_id=INDUSINDBK year=2015-03 computed=32.33 stated=288.0
CFO_QUALITY_ACCRUAL_RISK company_id=INDUSINDBK year=2015-03 CFO/PAT=-0.79 (<0.5 threshold)
FCF_CONVERSION_HEAVY company_id=INDUSINDBK year=2015-03 conversion=-54.2% (<30% threshold, spec: 'heavy')
OPM_CROSS_CHECK_MISMATCH company_id=INDUSINDBK year=2016-03 computed=35.28 stated=329.0
CFO_QUALITY_ACCRUAL_RISK company_id=INDUSINDBK year=2016-03 CFO/PAT=-1.28 (<0.5 threshold)
FCF_CONVERSION_HEAVY company_id=INDUSINDBK year=2016-03 conversion=-76.1% (<30% threshold, spec: 'heavy')
OPM_CROSS_CHECK_MISMATCH company_id=INDUSINDBK year=2017-03 computed=39.46 stated=379.0
OPM_CROSS_CHECK_MISMATCH company_id=INDUSINDBK year=2018-03 computed=37.93 stated=942.0
CFO_QUALITY_ACCRUAL_RISK company_id=INDUSINDBK year=2018-03 CFO/PAT=-5.74 (<0.5 threshold)
FCF_CONVERSION_HEAVY company_id=INDUSINDBK year=2018-03 conversion=-319.1% (<30% threshold, spec: 'heavy')
OPM_CROSS_CHECK_MISMATCH company_id=INDUSINDBK year=2019-03 computed=41.70 stated=-437.0
CFO_QUALITY_ACCRUAL_RISK company_id=INDUSINDBK year=2019-03 CFO/PAT=-1.94 (<0.5 threshold)
FCF_CONVERSION_HEAVY company_id=INDUSINDBK year=2019-03 conversion=-75.6% (<30% threshold, spec: 'heavy')
OPM_CROSS_CHECK_MISMATCH company_id=INDUSINDBK year=2020-03 computed=43.81 stated=-553.0
CFO_QUALITY_ACCRUAL_RISK company_id=INDUSINDBK year=2020-03 CFO/PAT=-2.72 (<0.5 threshold)
FCF_CONVERSION_HEAVY company_id=INDUSINDBK year=2020-03 conversion=-91.3% (<30% threshold, spec: 'heavy')
OPM_CROSS_CHECK_MISMATCH company_id=INDUSINDBK year=2021-03 computed=55.16 stated=-2469.0
OPM_CROSS_CHECK_MISMATCH company_id=INDUSINDBK year=2022-03 computed=51.39 stated=-839.0
OPM_CROSS_CHECK_MISMATCH company_id=INDUSINDBK year=2023-03 computed=42.69 stated=2067.0
CFO_QUALITY_ACCRUAL_RISK company_id=INDUSINDBK year=2023-03 CFO/PAT=-1.68 (<0.5 threshold)
FCF_CONVERSION_HEAVY company_id=INDUSINDBK year=2023-03 conversion=-83.0% (<30% threshold, spec: 'heavy')
OPM_CROSS_CHECK_MISMATCH company_id=INDUSINDBK year=2024-03 computed=38.55 stated=2978.0
CFO_QUALITY_ACCRUAL_RISK company_id=INDUSINDBK year=2024-03 CFO/PAT=-1.88 (<0.5 threshold)
FCF_CONVERSION_HEAVY company_id=INDUSINDBK year=2024-03 conversion=-99.0% (<30% threshold, spec: 'heavy')
DEBT_FREE_SUBSTITUTION company_id=INFY year=2016-03 interest=0 -> ICR set to sentinel 999.0
DEBT_FREE_SUBSTITUTION company_id=INFY year=2017-03 interest=0 -> ICR set to sentinel 999.0
CAPEX_INTENSITY_HIGH company_id=INFY year=2017-03 capex_intensity=21.4% (>8% threshold, spec: 'capital intensive')
FCF_CONVERSION_HEAVY company_id=INFY year=2017-03 conversion=-16.8% (<30% threshold, spec: 'heavy')
DEBT_FREE_SUBSTITUTION company_id=INFY year=2018-03 interest=0 -> ICR set to sentinel 999.0
DEBT_FREE_SUBSTITUTION company_id=INFY year=2019-03 interest=0 -> ICR set to sentinel 999.0
FCF_CONVERSION_HEAVY company_id=IOC year=2013-03 conversion=0.3% (<30% threshold, spec: 'heavy')
FCF_CONVERSION_HEAVY company_id=IOC year=2018-03 conversion=28.8% (<30% threshold, spec: 'heavy')
FCF_CONVERSION_HEAVY company_id=IOC year=2019-03 conversion=-27.9% (<30% threshold, spec: 'heavy')
CFO_QUALITY_ACCRUAL_RISK company_id=IOC year=2020-03 CFO/PAT=-3.81 (<0.5 threshold)
FCF_CONVERSION_HEAVY company_id=IOC year=2020-03 conversion=-136.8% (<30% threshold, spec: 'heavy')
FCF_CONVERSION_HEAVY company_id=IOC year=2022-03 conversion=9.3% (<30% threshold, spec: 'heavy')
FCF_CONVERSION_HEAVY company_id=IOC year=2023-03 conversion=5.3% (<30% threshold, spec: 'heavy')
DEBT_FREE_SUBSTITUTION company_id=IRCTC year=2015-03 interest=0 -> ICR set to sentinel 999.0
FCF_CONVERSION_HEAVY company_id=IRCTC year=2015-03 conversion=15.1% (<30% threshold, spec: 'heavy')
DEBT_FREE_SUBSTITUTION company_id=IRCTC year=2016-03 interest=0 -> ICR set to sentinel 999.0
CFO_QUALITY_ACCRUAL_RISK company_id=IRCTC year=2018-03 CFO/PAT=0.11 (<0.5 threshold)
FCF_CONVERSION_HEAVY company_id=IRCTC year=2018-03 conversion=23.4% (<30% threshold, spec: 'heavy')
CAPEX_INTENSITY_HIGH company_id=IRCTC year=2019-03 capex_intensity=18.9% (>8% threshold, spec: 'capital intensive')
CAPEX_INTENSITY_HIGH company_id=IRCTC year=2021-03 capex_intensity=58.3% (>8% threshold, spec: 'capital intensive')
FCF_CONVERSION_HEAVY company_id=IRCTC year=2021-03 conversion=-109.0% (<30% threshold, spec: 'heavy')
CAPEX_INTENSITY_HIGH company_id=IRCTC year=2022-03 capex_intensity=12.9% (>8% threshold, spec: 'capital intensive')
CAPEX_INTENSITY_HIGH company_id=IRCTC year=2023-03 capex_intensity=9.0% (>8% threshold, spec: 'capital intensive')
CFO_QUALITY_ACCRUAL_RISK company_id=IRFC year=2016-03 CFO/PAT=-19.29 (<0.5 threshold)
FCF_CONVERSION_HEAVY company_id=IRFC year=2016-03 conversion=-219.3% (<30% threshold, spec: 'heavy')
CFO_QUALITY_ACCRUAL_RISK company_id=IRFC year=2017-03 CFO/PAT=-20.83 (<0.5 threshold)
FCF_CONVERSION_HEAVY company_id=IRFC year=2017-03 conversion=-215.6% (<30% threshold, spec: 'heavy')
CFO_QUALITY_ACCRUAL_RISK company_id=IRFC year=2018-03 CFO/PAT=-13.66 (<0.5 threshold)
FCF_CONVERSION_HEAVY company_id=IRFC year=2018-03 conversion=-304.2% (<30% threshold, spec: 'heavy')
CFO_QUALITY_ACCRUAL_RISK company_id=IRFC year=2019-03 CFO/PAT=-18.51 (<0.5 threshold)
FCF_CONVERSION_HEAVY company_id=IRFC year=2019-03 conversion=-376.6% (<30% threshold, spec: 'heavy')
CFO_QUALITY_ACCRUAL_RISK company_id=IRFC year=2020-03 CFO/PAT=-19.64 (<0.5 threshold)
FCF_CONVERSION_HEAVY company_id=IRFC year=2020-03 conversion=-469.5% (<30% threshold, spec: 'heavy')
CFO_QUALITY_ACCRUAL_RISK company_id=IRFC year=2021-03 CFO/PAT=-20.36 (<0.5 threshold)
FCF_CONVERSION_HEAVY company_id=IRFC year=2021-03 conversion=-574.2% (<30% threshold, spec: 'heavy')
CFO_QUALITY_ACCRUAL_RISK company_id=IRFC year=2022-03 CFO/PAT=-10.58 (<0.5 threshold)
FCF_CONVERSION_HEAVY company_id=IRFC year=2022-03 conversion=-319.3% (<30% threshold, spec: 'heavy')
CFO_QUALITY_ACCRUAL_RISK company_id=IRFC year=2023-03 CFO/PAT=-4.64 (<0.5 threshold)
FCF_CONVERSION_HEAVY company_id=IRFC year=2023-03 conversion=-121.2% (<30% threshold, spec: 'heavy')
FCF_CONVERSION_HEAVY company_id=IRFC year=2024-03 conversion=29.8% (<30% threshold, spec: 'heavy')
CAPEX_INTENSITY_HIGH company_id=ITC year=2013-03 capex_intensity=12.3% (>8% threshold, spec: 'capital intensive')
FCF_CONVERSION_HEAVY company_id=ITC year=2013-03 conversion=28.7% (<30% threshold, spec: 'heavy')
CAPEX_INTENSITY_HIGH company_id=ITC year=2014-03 capex_intensity=9.2% (>8% threshold, spec: 'capital intensive')
CAPEX_INTENSITY_HIGH company_id=ITC year=2015-03 capex_intensity=13.6% (>8% threshold, spec: 'capital intensive')
CAPEX_INTENSITY_HIGH company_id=ITC year=2016-03 capex_intensity=10.0% (>8% threshold, spec: 'capital intensive')
CAPEX_INTENSITY_HIGH company_id=ITC year=2018-03 capex_intensity=16.4% (>8% threshold, spec: 'capital intensive')
CAPEX_INTENSITY_HIGH company_id=ITC year=2019-03 capex_intensity=11.5% (>8% threshold, spec: 'capital intensive')
CAPEX_INTENSITY_HIGH company_id=ITC year=2020-03 capex_intensity=12.5% (>8% threshold, spec: 'capital intensive')
CAPEX_INTENSITY_HIGH company_id=ITC year=2021-03 capex_intensity=11.7% (>8% threshold, spec: 'capital intensive')
CAPEX_INTENSITY_HIGH company_id=ITC year=2023-03 capex_intensity=8.1% (>8% threshold, spec: 'capital intensive')
CAPEX_INTENSITY_HIGH company_id=JINDALSTEL year=2013-03 capex_intensity=48.4% (>8% threshold, spec: 'capital intensive')
FCF_CONVERSION_HEAVY company_id=JINDALSTEL year=2013-03 conversion=-99.4% (<30% threshold, spec: 'heavy')
CAPEX_INTENSITY_HIGH company_id=JINDALSTEL year=2014-03 capex_intensity=65.8% (>8% threshold, spec: 'capital intensive')
FCF_CONVERSION_HEAVY company_id=JINDALSTEL year=2014-03 conversion=-139.9% (<30% threshold, spec: 'heavy')
CFO_QUALITY_ACCRUAL_RISK company_id=JINDALSTEL year=2015-03 CFO/PAT=-0.81 (<0.5 threshold)
CAPEX_INTENSITY_HIGH company_id=JINDALSTEL year=2015-03 capex_intensity=34.6% (>8% threshold, spec: 'capital intensive')
FCF_CONVERSION_HEAVY company_id=JINDALSTEL year=2015-03 conversion=-101.3% (<30% threshold, spec: 'heavy')
CFO_QUALITY_ACCRUAL_RISK company_id=JINDALSTEL year=2016-03 CFO/PAT=-1.40 (<0.5 threshold)
CAPEX_INTENSITY_HIGH company_id=JINDALSTEL year=2016-03 capex_intensity=11.6% (>8% threshold, spec: 'capital intensive')
CFO_QUALITY_ACCRUAL_RISK company_id=JINDALSTEL year=2017-03 CFO/PAT=-2.70 (<0.5 threshold)
CAPEX_INTENSITY_HIGH company_id=JINDALSTEL year=2017-03 capex_intensity=9.2% (>8% threshold, spec: 'capital intensive')
CFO_QUALITY_ACCRUAL_RISK company_id=JINDALSTEL year=2018-03 CFO/PAT=-4.78 (<0.5 threshold)
CFO_QUALITY_ACCRUAL_RISK company_id=JINDALSTEL year=2019-03 CFO/PAT=-3.74 (<0.5 threshold)
CFO_QUALITY_ACCRUAL_RISK company_id=JINDALSTEL year=2020-03 CFO/PAT=-22.04 (<0.5 threshold)
CAPEX_INTENSITY_HIGH company_id=JINDALSTEL year=2024-03 capex_intensity=16.6% (>8% threshold, spec: 'capital intensive')
FCF_CONVERSION_HEAVY company_id=JINDALSTEL year=2024-03 conversion=-22.9% (<30% threshold, spec: 'heavy')
OPM_CROSS_CHECK_MISMATCH company_id=JIOFIN year=2023-03 computed=86.67 stated=88.0
DEBT_FREE_SUBSTITUTION company_id=JIOFIN year=2023-03 interest=0 -> ICR set to sentinel 999.0
CAPEX_INTENSITY_HIGH company_id=JIOFIN year=2023-03 capex_intensity=2466.7% (>8% threshold, spec: 'capital intensive')
CFO_QUALITY_ACCRUAL_RISK company_id=JIOFIN year=2024-03 CFO/PAT=-0.42 (<0.5 threshold)
CAPEX_INTENSITY_HIGH company_id=JIOFIN year=2024-03 capex_intensity=77.7% (>8% threshold, spec: 'capital intensive')
CAPEX_INTENSITY_HIGH company_id=JSWENERGY year=2013-03 capex_intensity=10.6% (>8% threshold, spec: 'capital intensive')
FCF_CONVERSION_HEAVY company_id=JSWENERGY year=2013-03 conversion=27.9% (<30% threshold, spec: 'heavy')
CAPEX_INTENSITY_HIGH company_id=JSWENERGY year=2016-03 capex_intensity=33.3% (>8% threshold, spec: 'capital intensive')
FCF_CONVERSION_HEAVY company_id=JSWENERGY year=2016-03 conversion=6.6% (<30% threshold, spec: 'heavy')
CAPEX_INTENSITY_HIGH company_id=JSWENERGY year=2017-03 capex_intensity=9.2% (>8% threshold, spec: 'capital intensive')
CAPEX_INTENSITY_HIGH company_id=JSWENERGY year=2021-03 capex_intensity=14.9% (>8% threshold, spec: 'capital intensive')
CAPEX_INTENSITY_HIGH company_id=JSWENERGY year=2022-03 capex_intensity=17.0% (>8% threshold, spec: 'capital intensive')
CAPEX_INTENSITY_HIGH company_id=JSWENERGY year=2023-03 capex_intensity=65.6% (>8% threshold, spec: 'capital intensive')
FCF_CONVERSION_HEAVY company_id=JSWENERGY year=2023-03 conversion=-143.0% (<30% threshold, spec: 'heavy')
CAPEX_INTENSITY_HIGH company_id=JSWENERGY year=2024-03 capex_intensity=71.4% (>8% threshold, spec: 'capital intensive')
FCF_CONVERSION_HEAVY company_id=JSWENERGY year=2024-03 conversion=-36.5% (<30% threshold, spec: 'heavy')
CAPEX_INTENSITY_HIGH company_id=JSWSTEEL year=2013-03 capex_intensity=14.2% (>8% threshold, spec: 'capital intensive')
FCF_CONVERSION_HEAVY company_id=JSWSTEEL year=2013-03 conversion=6.3% (<30% threshold, spec: 'heavy')
CAPEX_INTENSITY_HIGH company_id=JSWSTEEL year=2014-03 capex_intensity=11.0% (>8% threshold, spec: 'capital intensive')
FCF_CONVERSION_HEAVY company_id=JSWSTEEL year=2014-03 conversion=-33.0% (<30% threshold, spec: 'heavy')
CAPEX_INTENSITY_HIGH company_id=JSWSTEEL year=2015-03 capex_intensity=13.9% (>8% threshold, spec: 'capital intensive')
FCF_CONVERSION_HEAVY company_id=JSWSTEEL year=2015-03 conversion=5.4% (<30% threshold, spec: 'heavy')
CFO_QUALITY_ACCRUAL_RISK company_id=JSWSTEEL year=2016-03 CFO/PAT=-14.34 (<0.5 threshold)
CAPEX_INTENSITY_HIGH company_id=JSWSTEEL year=2016-03 capex_intensity=9.3% (>8% threshold, spec: 'capital intensive')
CAPEX_INTENSITY_HIGH company_id=JSWSTEEL year=2017-03 capex_intensity=9.2% (>8% threshold, spec: 'capital intensive')
FCF_CONVERSION_HEAVY company_id=JSWSTEEL year=2017-03 conversion=22.7% (<30% threshold, spec: 'heavy')
CAPEX_INTENSITY_HIGH company_id=JSWSTEEL year=2019-03 capex_intensity=13.4% (>8% threshold, spec: 'capital intensive')
FCF_CONVERSION_HEAVY company_id=JSWSTEEL year=2019-03 conversion=17.1% (<30% threshold, spec: 'heavy')
CAPEX_INTENSITY_HIGH company_id=JSWSTEEL year=2020-03 capex_intensity=26.7% (>8% threshold, spec: 'capital intensive')
FCF_CONVERSION_HEAVY company_id=JSWSTEEL year=2020-03 conversion=-57.6% (<30% threshold, spec: 'heavy')
CAPEX_INTENSITY_HIGH company_id=JSWSTEEL year=2021-03 capex_intensity=9.6% (>8% threshold, spec: 'capital intensive')
CAPEX_INTENSITY_HIGH company_id=JSWSTEEL year=2022-03 capex_intensity=10.1% (>8% threshold, spec: 'capital intensive')
FCF_CONVERSION_HEAVY company_id=JSWSTEEL year=2022-03 conversion=29.5% (<30% threshold, spec: 'heavy')
CAPEX_INTENSITY_HIGH company_id=JSWSTEEL year=2024-03 capex_intensity=8.3% (>8% threshold, spec: 'capital intensive')
FCF_CONVERSION_HEAVY company_id=JSWSTEEL year=2024-03 conversion=-8.5% (<30% threshold, spec: 'heavy')
OPM_CROSS_CHECK_MISMATCH company_id=KOTAKBANK year=2013-03 computed=60.92 stated=-1789.0
CAPEX_INTENSITY_HIGH company_id=KOTAKBANK year=2013-03 capex_intensity=83.4% (>8% threshold, spec: 'capital intensive')
FCF_CONVERSION_HEAVY company_id=KOTAKBANK year=2013-03 conversion=-93.2% (<30% threshold, spec: 'heavy')
OPM_CROSS_CHECK_MISMATCH company_id=KOTAKBANK year=2014-03 computed=58.84 stated=-1379.0
CAPEX_INTENSITY_HIGH company_id=KOTAKBANK year=2014-03 capex_intensity=9.4% (>8% threshold, spec: 'capital intensive')
OPM_CROSS_CHECK_MISMATCH company_id=KOTAKBANK year=2015-03 computed=72.96 stated=-3366.0
CAPEX_INTENSITY_HIGH company_id=KOTAKBANK year=2015-03 capex_intensity=33.5% (>8% threshold, spec: 'capital intensive')
FCF_CONVERSION_HEAVY company_id=KOTAKBANK year=2015-03 conversion=-22.3% (<30% threshold, spec: 'heavy')
OPM_CROSS_CHECK_MISMATCH company_id=KOTAKBANK year=2016-03 computed=56.57 stated=-2263.0
CAPEX_INTENSITY_HIGH company_id=KOTAKBANK year=2016-03 capex_intensity=11.5% (>8% threshold, spec: 'capital intensive')
FCF_CONVERSION_HEAVY company_id=KOTAKBANK year=2016-03 conversion=23.2% (<30% threshold, spec: 'heavy')
OPM_CROSS_CHECK_MISMATCH company_id=KOTAKBANK year=2017-03 computed=66.44 stated=-3965.0
CAPEX_INTENSITY_HIGH company_id=KOTAKBANK year=2017-03 capex_intensity=23.7% (>8% threshold, spec: 'capital intensive')
OPM_CROSS_CHECK_MISMATCH company_id=KOTAKBANK year=2018-03 computed=66.87 stated=-4141.0
CFO_QUALITY_ACCRUAL_RISK company_id=KOTAKBANK year=2018-03 CFO/PAT=-1.66 (<0.5 threshold)
CAPEX_INTENSITY_HIGH company_id=KOTAKBANK year=2018-03 capex_intensity=21.8% (>8% threshold, spec: 'capital intensive')
FCF_CONVERSION_HEAVY company_id=KOTAKBANK year=2018-03 conversion=-94.4% (<30% threshold, spec: 'heavy')
OPM_CROSS_CHECK_MISMATCH company_id=KOTAKBANK year=2019-03 computed=66.23 stated=-5114.0
CFO_QUALITY_ACCRUAL_RISK company_id=KOTAKBANK year=2019-03 CFO/PAT=0.25 (<0.5 threshold)
CAPEX_INTENSITY_HIGH company_id=KOTAKBANK year=2019-03 capex_intensity=11.1% (>8% threshold, spec: 'capital intensive')
FCF_CONVERSION_HEAVY company_id=KOTAKBANK year=2019-03 conversion=-7.6% (<30% threshold, spec: 'heavy')
OPM_CROSS_CHECK_MISMATCH company_id=KOTAKBANK year=2020-03 computed=67.45 stated=-5005.0
CAPEX_INTENSITY_HIGH company_id=KOTAKBANK year=2020-03 capex_intensity=39.0% (>8% threshold, spec: 'capital intensive')
OPM_CROSS_CHECK_MISMATCH company_id=KOTAKBANK year=2021-03 computed=90.83 stated=-9958.0
CFO_QUALITY_ACCRUAL_RISK company_id=KOTAKBANK year=2021-03 CFO/PAT=0.49 (<0.5 threshold)
CAPEX_INTENSITY_HIGH company_id=KOTAKBANK year=2021-03 capex_intensity=34.0% (>8% threshold, spec: 'capital intensive')
FCF_CONVERSION_HEAVY company_id=KOTAKBANK year=2021-03 conversion=-21.1% (<30% threshold, spec: 'heavy')
OPM_CROSS_CHECK_MISMATCH company_id=KOTAKBANK year=2022-03 computed=90.98 stated=-8512.0
CAPEX_INTENSITY_HIGH company_id=KOTAKBANK year=2022-03 capex_intensity=32.3% (>8% threshold, spec: 'capital intensive')
FCF_CONVERSION_HEAVY company_id=KOTAKBANK year=2022-03 conversion=-8.5% (<30% threshold, spec: 'heavy')
OPM_CROSS_CHECK_MISMATCH company_id=KOTAKBANK year=2023-03 computed=79.44 stated=-5746.0
CFO_QUALITY_ACCRUAL_RISK company_id=KOTAKBANK year=2023-03 CFO/PAT=-0.08 (<0.5 threshold)
CAPEX_INTENSITY_HIGH company_id=KOTAKBANK year=2023-03 capex_intensity=24.6% (>8% threshold, spec: 'capital intensive')
FCF_CONVERSION_HEAVY company_id=KOTAKBANK year=2023-03 conversion=-34.7% (<30% threshold, spec: 'heavy')
OPM_CROSS_CHECK_MISMATCH company_id=KOTAKBANK year=2024-03 computed=83.67 stated=-13382.0
CAPEX_INTENSITY_HIGH company_id=KOTAKBANK year=2024-03 capex_intensity=15.9% (>8% threshold, spec: 'capital intensive')
FCF_CONVERSION_HEAVY company_id=KOTAKBANK year=2024-03 conversion=14.4% (<30% threshold, spec: 'heavy')
DEBT_FREE_SUBSTITUTION company_id=LICI year=2019-03 interest=0 -> ICR set to sentinel 999.0
DEBT_FREE_SUBSTITUTION company_id=LICI year=2020-03 interest=0 -> ICR set to sentinel 999.0
FCF_CONVERSION_HEAVY company_id=LICI year=2020-03 conversion=-200.8% (<30% threshold, spec: 'heavy')
DEBT_FREE_SUBSTITUTION company_id=LICI year=2021-03 interest=0 -> ICR set to sentinel 999.0
CAPEX_INTENSITY_HIGH company_id=LICI year=2021-03 capex_intensity=21.5% (>8% threshold, spec: 'capital intensive')
FCF_CONVERSION_HEAVY company_id=LICI year=2021-03 conversion=-90892.5% (<30% threshold, spec: 'heavy')
DEBT_FREE_SUBSTITUTION company_id=LICI year=2022-03 interest=0 -> ICR set to sentinel 999.0
CFO_QUALITY_ACCRUAL_RISK company_id=LICI year=2022-03 CFO/PAT=-0.92 (<0.5 threshold)
FCF_CONVERSION_HEAVY company_id=LICI year=2023-03 conversion=4.9% (<30% threshold, spec: 'heavy')
FCF_CONVERSION_HEAVY company_id=LICI year=2024-03 conversion=2.6% (<30% threshold, spec: 'heavy')
CAPEX_INTENSITY_HIGH company_id=LODHA year=2016-03 capex_intensity=10.4% (>8% threshold, spec: 'capital intensive')
FCF_CONVERSION_HEAVY company_id=LODHA year=2016-03 conversion=-22.0% (<30% threshold, spec: 'heavy')
CAPEX_INTENSITY_HIGH company_id=LODHA year=2017-03 capex_intensity=14.8% (>8% threshold, spec: 'capital intensive')
FCF_CONVERSION_HEAVY company_id=LODHA year=2017-03 conversion=18.3% (<30% threshold, spec: 'heavy')
FCF_CONVERSION_HEAVY company_id=LODHA year=2018-03 conversion=2.7% (<30% threshold, spec: 'heavy')
CFO_QUALITY_ACCRUAL_RISK company_id=LODHA year=2019-03 CFO/PAT=-0.28 (<0.5 threshold)
FCF_CONVERSION_HEAVY company_id=LODHA year=2019-03 conversion=-20.1% (<30% threshold, spec: 'heavy')
CAPEX_INTENSITY_HIGH company_id=LODHA year=2022-03 capex_intensity=12.3% (>8% threshold, spec: 'capital intensive')
CAPEX_INTENSITY_HIGH company_id=LODHA year=2023-03 capex_intensity=18.9% (>8% threshold, spec: 'capital intensive')
CAPEX_INTENSITY_HIGH company_id=LODHA year=2024-03 capex_intensity=28.6% (>8% threshold, spec: 'capital intensive')
FCF_CONVERSION_HEAVY company_id=LODHA year=2024-03 conversion=-16.3% (<30% threshold, spec: 'heavy')
SUSPECTED_SCALE_ANOMALY company_id=LT year=2013-03 sales/total_assets=32.0x (>20x, implausible -- balance sheet likely mis-scaled relative to P&L; ROCE/AssetTurnover/D-E/ROE for this row should not be trusted without source verification)
CFO_QUALITY_ACCRUAL_RISK company_id=LT year=2013-03 CFO/PAT=-0.82 (<0.5 threshold)
CAPEX_INTENSITY_HIGH company_id=LT year=2013-03 capex_intensity=9.3% (>8% threshold, spec: 'capital intensive')
FCF_CONVERSION_HEAVY company_id=LT year=2013-03 conversion=-99.0% (<30% threshold, spec: 'heavy')
SUSPECTED_SCALE_ANOMALY company_id=LT year=2014-03 sales/total_assets=31.9x (>20x, implausible -- balance sheet likely mis-scaled relative to P&L; ROCE/AssetTurnover/D-E/ROE for this row should not be trusted without source verification)
CFO_QUALITY_ACCRUAL_RISK company_id=LT year=2014-03 CFO/PAT=-1.46 (<0.5 threshold)
FCF_CONVERSION_HEAVY company_id=LT year=2014-03 conversion=-89.8% (<30% threshold, spec: 'heavy')
SUSPECTED_SCALE_ANOMALY company_id=LT year=2015-03 sales/total_assets=30.9x (>20x, implausible -- balance sheet likely mis-scaled relative to P&L; ROCE/AssetTurnover/D-E/ROE for this row should not be trusted without source verification)
CFO_QUALITY_ACCRUAL_RISK company_id=LT year=2015-03 CFO/PAT=-0.27 (<0.5 threshold)
FCF_CONVERSION_HEAVY company_id=LT year=2015-03 conversion=-39.2% (<30% threshold, spec: 'heavy')
SUSPECTED_SCALE_ANOMALY company_id=LT year=2016-03 sales/total_assets=32.2x (>20x, implausible -- balance sheet likely mis-scaled relative to P&L; ROCE/AssetTurnover/D-E/ROE for this row should not be trusted without source verification)
CFO_QUALITY_ACCRUAL_RISK company_id=LT year=2016-03 CFO/PAT=-0.71 (<0.5 threshold)
FCF_CONVERSION_HEAVY company_id=LT year=2016-03 conversion=-50.8% (<30% threshold, spec: 'heavy')
SUSPECTED_SCALE_ANOMALY company_id=LT year=2017-03 sales/total_assets=24.7x (>20x, implausible -- balance sheet likely mis-scaled relative to P&L; ROCE/AssetTurnover/D-E/ROE for this row should not be trusted without source verification)
CAPEX_INTENSITY_HIGH company_id=LT year=2017-03 capex_intensity=9.0% (>8% threshold, spec: 'capital intensive')
FCF_CONVERSION_HEAVY company_id=LT year=2017-03 conversion=-18.9% (<30% threshold, spec: 'heavy')
SUSPECTED_SCALE_ANOMALY company_id=LT year=2018-03 sales/total_assets=22.4x (>20x, implausible -- balance sheet likely mis-scaled relative to P&L; ROCE/AssetTurnover/D-E/ROE for this row should not be trusted without source verification)
CFO_QUALITY_ACCRUAL_RISK company_id=LT year=2018-03 CFO/PAT=-1.25 (<0.5 threshold)
FCF_CONVERSION_HEAVY company_id=LT year=2018-03 conversion=-30.4% (<30% threshold, spec: 'heavy')
SUSPECTED_SCALE_ANOMALY company_id=LT year=2019-03 sales/total_assets=20.3x (>20x, implausible -- balance sheet likely mis-scaled relative to P&L; ROCE/AssetTurnover/D-E/ROE for this row should not be trusted without source verification)
CFO_QUALITY_ACCRUAL_RISK company_id=LT year=2019-03 CFO/PAT=-0.47 (<0.5 threshold)
CAPEX_INTENSITY_HIGH company_id=LT year=2019-03 capex_intensity=8.2% (>8% threshold, spec: 'capital intensive')
FCF_CONVERSION_HEAVY company_id=LT year=2019-03 conversion=-69.0% (<30% threshold, spec: 'heavy')
FCF_CONVERSION_HEAVY company_id=LT year=2020-03 conversion=-7.0% (<30% threshold, spec: 'heavy')
CAPEX_INTENSITY_HIGH company_id=LTIM year=2017-03 capex_intensity=14.8% (>8% threshold, spec: 'capital intensive')
FCF_CONVERSION_HEAVY company_id=LTIM year=2017-03 conversion=17.0% (<30% threshold, spec: 'heavy')
CAPEX_INTENSITY_HIGH company_id=LTIM year=2021-03 capex_intensity=13.4% (>8% threshold, spec: 'capital intensive')
FCF_CONVERSION_HEAVY company_id=LTIM year=2021-03 conversion=27.3% (<30% threshold, spec: 'heavy')
CAPEX_INTENSITY_HIGH company_id=LTIM year=2024-03 capex_intensity=11.0% (>8% threshold, spec: 'capital intensive')
FCF_CONVERSION_HEAVY company_id=LTIM year=2024-03 conversion=27.4% (<30% threshold, spec: 'heavy')
CFO_QUALITY_ACCRUAL_RISK company_id=M&M year=2013-03 CFO/PAT=-0.22 (<0.5 threshold)
FCF_CONVERSION_HEAVY company_id=M&M year=2013-03 conversion=-42.0% (<30% threshold, spec: 'heavy')
CFO_QUALITY_ACCRUAL_RISK company_id=M&M year=2014-03 CFO/PAT=-0.05 (<0.5 threshold)
FCF_CONVERSION_HEAVY company_id=M&M year=2014-03 conversion=-46.9% (<30% threshold, spec: 'heavy')
CFO_QUALITY_ACCRUAL_RISK company_id=M&M year=2015-03 CFO/PAT=0.31 (<0.5 threshold)
FCF_CONVERSION_HEAVY company_id=M&M year=2015-03 conversion=-37.6% (<30% threshold, spec: 'heavy')
FCF_CONVERSION_HEAVY company_id=M&M year=2016-03 conversion=-31.0% (<30% threshold, spec: 'heavy')
CFO_QUALITY_ACCRUAL_RISK company_id=M&M year=2017-03 CFO/PAT=0.05 (<0.5 threshold)
FCF_CONVERSION_HEAVY company_id=M&M year=2017-03 conversion=-53.0% (<30% threshold, spec: 'heavy')
CFO_QUALITY_ACCRUAL_RISK company_id=M&M year=2018-03 CFO/PAT=0.09 (<0.5 threshold)
FCF_CONVERSION_HEAVY company_id=M&M year=2018-03 conversion=-36.2% (<30% threshold, spec: 'heavy')
CFO_QUALITY_ACCRUAL_RISK company_id=M&M year=2019-03 CFO/PAT=-0.72 (<0.5 threshold)
FCF_CONVERSION_HEAVY company_id=M&M year=2019-03 conversion=-75.8% (<30% threshold, spec: 'heavy')
CAPEX_INTENSITY_HIGH company_id=M&M year=2020-03 capex_intensity=9.1% (>8% threshold, spec: 'capital intensive')
FCF_CONVERSION_HEAVY company_id=M&M year=2020-03 conversion=-82.0% (<30% threshold, spec: 'heavy')
CAPEX_INTENSITY_HIGH company_id=M&M year=2021-03 capex_intensity=26.5% (>8% threshold, spec: 'capital intensive')
FCF_CONVERSION_HEAVY company_id=M&M year=2021-03 conversion=-15.5% (<30% threshold, spec: 'heavy')
CFO_QUALITY_ACCRUAL_RISK company_id=M&M year=2023-03 CFO/PAT=-0.62 (<0.5 threshold)
FCF_CONVERSION_HEAVY company_id=M&M year=2023-03 conversion=-78.6% (<30% threshold, spec: 'heavy')
CFO_QUALITY_ACCRUAL_RISK company_id=M&M year=2024-03 CFO/PAT=-0.46 (<0.5 threshold)
FCF_CONVERSION_HEAVY company_id=M&M year=2024-03 conversion=-45.2% (<30% threshold, spec: 'heavy')
FCF_CONVERSION_HEAVY company_id=MARUTI year=2013-03 conversion=21.6% (<30% threshold, spec: 'heavy')
CAPEX_INTENSITY_HIGH company_id=MARUTI year=2014-03 capex_intensity=11.2% (>8% threshold, spec: 'capital intensive')
FCF_CONVERSION_HEAVY company_id=MARUTI year=2014-03 conversion=-0.0% (<30% threshold, spec: 'heavy')
CAPEX_INTENSITY_HIGH company_id=MARUTI year=2015-03 capex_intensity=8.8% (>8% threshold, spec: 'capital intensive')
FCF_CONVERSION_HEAVY company_id=MARUTI year=2015-03 conversion=28.4% (<30% threshold, spec: 'heavy')
CAPEX_INTENSITY_HIGH company_id=MARUTI year=2016-03 capex_intensity=12.6% (>8% threshold, spec: 'capital intensive')
FCF_CONVERSION_HEAVY company_id=MARUTI year=2016-03 conversion=13.9% (<30% threshold, spec: 'heavy')
CAPEX_INTENSITY_HIGH company_id=MARUTI year=2017-03 capex_intensity=13.5% (>8% threshold, spec: 'capital intensive')
FCF_CONVERSION_HEAVY company_id=MARUTI year=2017-03 conversion=10.6% (<30% threshold, spec: 'heavy')
CAPEX_INTENSITY_HIGH company_id=MARUTI year=2018-03 capex_intensity=10.4% (>8% threshold, spec: 'capital intensive')
FCF_CONVERSION_HEAVY company_id=MARUTI year=2018-03 conversion=28.8% (<30% threshold, spec: 'heavy')
FCF_CONVERSION_HEAVY company_id=MARUTI year=2019-03 conversion=27.7% (<30% threshold, spec: 'heavy')
CAPEX_INTENSITY_HIGH company_id=MARUTI year=2021-03 capex_intensity=10.4% (>8% threshold, spec: 'capital intensive')
FCF_CONVERSION_HEAVY company_id=MARUTI year=2021-03 conversion=28.9% (<30% threshold, spec: 'heavy')
CFO_QUALITY_ACCRUAL_RISK company_id=MARUTI year=2022-03 CFO/PAT=0.47 (<0.5 threshold)
FCF_CONVERSION_HEAVY company_id=MARUTI year=2022-03 conversion=27.8% (<30% threshold, spec: 'heavy')
FCF_CONVERSION_HEAVY company_id=MARUTI year=2023-03 conversion=15.2% (<30% threshold, spec: 'heavy')
CAPEX_INTENSITY_HIGH company_id=MARUTI year=2024-03 capex_intensity=8.4% (>8% threshold, spec: 'capital intensive')
FCF_CONVERSION_HEAVY company_id=MARUTI year=2024-03 conversion=26.5% (<30% threshold, spec: 'heavy')
FCF_CONVERSION_HEAVY company_id=MOTHERSON year=2013-03 conversion=26.8% (<30% threshold, spec: 'heavy')
CAPEX_INTENSITY_HIGH company_id=MOTHERSON year=2015-03 capex_intensity=8.2% (>8% threshold, spec: 'capital intensive')
FCF_CONVERSION_HEAVY company_id=MOTHERSON year=2015-03 conversion=19.2% (<30% threshold, spec: 'heavy')
FCF_CONVERSION_HEAVY company_id=MOTHERSON year=2016-03 conversion=7.9% (<30% threshold, spec: 'heavy')
CAPEX_INTENSITY_HIGH company_id=MOTHERSON year=2017-03 capex_intensity=14.5% (>8% threshold, spec: 'capital intensive')
FCF_CONVERSION_HEAVY company_id=MOTHERSON year=2017-03 conversion=-56.2% (<30% threshold, spec: 'heavy')
FCF_CONVERSION_HEAVY company_id=MOTHERSON year=2018-03 conversion=1.4% (<30% threshold, spec: 'heavy')
FCF_CONVERSION_HEAVY company_id=MOTHERSON year=2019-03 conversion=18.6% (<30% threshold, spec: 'heavy')
FCF_CONVERSION_HEAVY company_id=MOTHERSON year=2022-03 conversion=3.4% (<30% threshold, spec: 'heavy')
FCF_CONVERSION_HEAVY company_id=MOTHERSON year=2024-03 conversion=9.9% (<30% threshold, spec: 'heavy')
CAPEX_INTENSITY_HIGH company_id=NAUKRI year=2013-03 capex_intensity=9.7% (>8% threshold, spec: 'capital intensive')
FCF_CONVERSION_HEAVY company_id=NAUKRI year=2013-03 conversion=24.0% (<30% threshold, spec: 'heavy')
CAPEX_INTENSITY_HIGH company_id=NAUKRI year=2014-03 capex_intensity=36.0% (>8% threshold, spec: 'capital intensive')
FCF_CONVERSION_HEAVY company_id=NAUKRI year=2014-03 conversion=-126.8% (<30% threshold, spec: 'heavy')
CFO_QUALITY_ACCRUAL_RISK company_id=NAUKRI year=2015-03 CFO/PAT=-3.64 (<0.5 threshold)
CAPEX_INTENSITY_HIGH company_id=NAUKRI year=2015-03 capex_intensity=143.6% (>8% threshold, spec: 'capital intensive')
FCF_CONVERSION_HEAVY company_id=NAUKRI year=2015-03 conversion=-4761.9% (<30% threshold, spec: 'heavy')
CFO_QUALITY_ACCRUAL_RISK company_id=NAUKRI year=2017-03 CFO/PAT=-4.95 (<0.5 threshold)
CAPEX_INTENSITY_HIGH company_id=NAUKRI year=2017-03 capex_intensity=18.6% (>8% threshold, spec: 'capital intensive')
FCF_CONVERSION_HEAVY company_id=NAUKRI year=2017-03 conversion=-533.3% (<30% threshold, spec: 'heavy')
CAPEX_INTENSITY_HIGH company_id=NAUKRI year=2018-03 capex_intensity=15.1% (>8% threshold, spec: 'capital intensive')
CFO_QUALITY_ACCRUAL_RISK company_id=NAUKRI year=2019-03 CFO/PAT=0.47 (<0.5 threshold)
CFO_QUALITY_ACCRUAL_RISK company_id=NAUKRI year=2020-03 CFO/PAT=-1.42 (<0.5 threshold)
FCF_CONVERSION_HEAVY company_id=NAUKRI year=2020-03 conversion=-127.7% (<30% threshold, spec: 'heavy')
CFO_QUALITY_ACCRUAL_RISK company_id=NAUKRI year=2021-03 CFO/PAT=0.19 (<0.5 threshold)
CAPEX_INTENSITY_HIGH company_id=NAUKRI year=2021-03 capex_intensity=181.1% (>8% threshold, spec: 'capital intensive')
FCF_CONVERSION_HEAVY company_id=NAUKRI year=2021-03 conversion=-2387.8% (<30% threshold, spec: 'heavy')
CFO_QUALITY_ACCRUAL_RISK company_id=NAUKRI year=2022-03 CFO/PAT=0.05 (<0.5 threshold)
CAPEX_INTENSITY_HIGH company_id=NAUKRI year=2022-03 capex_intensity=74.1% (>8% threshold, spec: 'capital intensive')
FCF_CONVERSION_HEAVY company_id=NAUKRI year=2022-03 conversion=-105.4% (<30% threshold, spec: 'heavy')
CFO_QUALITY_ACCRUAL_RISK company_id=NAUKRI year=2023-03 CFO/PAT=-7.31 (<0.5 threshold)
CAPEX_INTENSITY_HIGH company_id=NAUKRI year=2023-03 capex_intensity=15.3% (>8% threshold, spec: 'capital intensive')
CAPEX_INTENSITY_HIGH company_id=NAUKRI year=2024-03 capex_intensity=33.6% (>8% threshold, spec: 'capital intensive')
FCF_CONVERSION_HEAVY company_id=NAUKRI year=2024-03 conversion=-21.1% (<30% threshold, spec: 'heavy')
CAPEX_INTENSITY_HIGH company_id=NESTLEIND year=2021-12 capex_intensity=13.0% (>8% threshold, spec: 'capital intensive')
FCF_CONVERSION_HEAVY company_id=NESTLEIND year=2021-12 conversion=8.9% (<30% threshold, spec: 'heavy')
CAPEX_INTENSITY_HIGH company_id=NHPC year=2013-03 capex_intensity=20.8% (>8% threshold, spec: 'capital intensive')
CAPEX_INTENSITY_HIGH company_id=NHPC year=2014-03 capex_intensity=15.2% (>8% threshold, spec: 'capital intensive')
CAPEX_INTENSITY_HIGH company_id=NHPC year=2015-03 capex_intensity=9.3% (>8% threshold, spec: 'capital intensive')
CAPEX_INTENSITY_HIGH company_id=NHPC year=2016-03 capex_intensity=8.9% (>8% threshold, spec: 'capital intensive')
CAPEX_INTENSITY_HIGH company_id=NHPC year=2017-03 capex_intensity=21.6% (>8% threshold, spec: 'capital intensive')
CAPEX_INTENSITY_HIGH company_id=NHPC year=2018-03 capex_intensity=11.4% (>8% threshold, spec: 'capital intensive')
CAPEX_INTENSITY_HIGH company_id=NHPC year=2019-03 capex_intensity=13.2% (>8% threshold, spec: 'capital intensive')
CAPEX_INTENSITY_HIGH company_id=NHPC year=2020-03 capex_intensity=29.8% (>8% threshold, spec: 'capital intensive')
FCF_CONVERSION_HEAVY company_id=NHPC year=2020-03 conversion=0.1% (<30% threshold, spec: 'heavy')
CAPEX_INTENSITY_HIGH company_id=NHPC year=2021-03 capex_intensity=16.7% (>8% threshold, spec: 'capital intensive')
CAPEX_INTENSITY_HIGH company_id=NHPC year=2022-03 capex_intensity=33.7% (>8% threshold, spec: 'capital intensive')
CAPEX_INTENSITY_HIGH company_id=NHPC year=2023-03 capex_intensity=39.5% (>8% threshold, spec: 'capital intensive')
FCF_CONVERSION_HEAVY company_id=NHPC year=2023-03 conversion=8.3% (<30% threshold, spec: 'heavy')
CAPEX_INTENSITY_HIGH company_id=NHPC year=2024-03 capex_intensity=62.0% (>8% threshold, spec: 'capital intensive')
FCF_CONVERSION_HEAVY company_id=NHPC year=2024-03 conversion=20.2% (<30% threshold, spec: 'heavy')
CAPEX_INTENSITY_HIGH company_id=NTPC year=2013-03 capex_intensity=23.6% (>8% threshold, spec: 'capital intensive')
FCF_CONVERSION_HEAVY company_id=NTPC year=2013-03 conversion=-1.9% (<30% threshold, spec: 'heavy')
CAPEX_INTENSITY_HIGH company_id=NTPC year=2014-03 capex_intensity=19.8% (>8% threshold, spec: 'capital intensive')
FCF_CONVERSION_HEAVY company_id=NTPC year=2014-03 conversion=5.2% (<30% threshold, spec: 'heavy')
CAPEX_INTENSITY_HIGH company_id=NTPC year=2015-03 capex_intensity=20.0% (>8% threshold, spec: 'capital intensive')
FCF_CONVERSION_HEAVY company_id=NTPC year=2015-03 conversion=-6.3% (<30% threshold, spec: 'heavy')
CAPEX_INTENSITY_HIGH company_id=NTPC year=2016-03 capex_intensity=26.1% (>8% threshold, spec: 'capital intensive')
FCF_CONVERSION_HEAVY company_id=NTPC year=2016-03 conversion=26.7% (<30% threshold, spec: 'heavy')
CAPEX_INTENSITY_HIGH company_id=NTPC year=2017-03 capex_intensity=29.8% (>8% threshold, spec: 'capital intensive')
FCF_CONVERSION_HEAVY company_id=NTPC year=2017-03 conversion=-20.0% (<30% threshold, spec: 'heavy')
CAPEX_INTENSITY_HIGH company_id=NTPC year=2018-03 capex_intensity=23.5% (>8% threshold, spec: 'capital intensive')
FCF_CONVERSION_HEAVY company_id=NTPC year=2018-03 conversion=-4.5% (<30% threshold, spec: 'heavy')
CAPEX_INTENSITY_HIGH company_id=NTPC year=2019-03 capex_intensity=24.0% (>8% threshold, spec: 'capital intensive')
FCF_CONVERSION_HEAVY company_id=NTPC year=2019-03 conversion=-23.7% (<30% threshold, spec: 'heavy')
CAPEX_INTENSITY_HIGH company_id=NTPC year=2020-03 capex_intensity=27.1% (>8% threshold, spec: 'capital intensive')
FCF_CONVERSION_HEAVY company_id=NTPC year=2020-03 conversion=-18.2% (<30% threshold, spec: 'heavy')
CAPEX_INTENSITY_HIGH company_id=NTPC year=2021-03 capex_intensity=18.9% (>8% threshold, spec: 'capital intensive')
CAPEX_INTENSITY_HIGH company_id=NTPC year=2022-03 capex_intensity=17.3% (>8% threshold, spec: 'capital intensive')
CAPEX_INTENSITY_HIGH company_id=NTPC year=2023-03 capex_intensity=14.8% (>8% threshold, spec: 'capital intensive')
CAPEX_INTENSITY_HIGH company_id=NTPC year=2024-03 capex_intensity=18.0% (>8% threshold, spec: 'capital intensive')
FCF_CONVERSION_HEAVY company_id=NTPC year=2024-03 conversion=16.8% (<30% threshold, spec: 'heavy')
CAPEX_INTENSITY_HIGH company_id=ONGC year=2013-03 capex_intensity=25.4% (>8% threshold, spec: 'capital intensive')
FCF_CONVERSION_HEAVY company_id=ONGC year=2013-03 conversion=-3.1% (<30% threshold, spec: 'heavy')
CAPEX_INTENSITY_HIGH company_id=ONGC year=2014-03 capex_intensity=36.5% (>8% threshold, spec: 'capital intensive')
FCF_CONVERSION_HEAVY company_id=ONGC year=2014-03 conversion=-21.1% (<30% threshold, spec: 'heavy')
CAPEX_INTENSITY_HIGH company_id=ONGC year=2015-03 capex_intensity=18.7% (>8% threshold, spec: 'capital intensive')
FCF_CONVERSION_HEAVY company_id=ONGC year=2015-03 conversion=9.2% (<30% threshold, spec: 'heavy')
CAPEX_INTENSITY_HIGH company_id=ONGC year=2016-03 capex_intensity=30.8% (>8% threshold, spec: 'capital intensive')
FCF_CONVERSION_HEAVY company_id=ONGC year=2016-03 conversion=20.5% (<30% threshold, spec: 'heavy')
CAPEX_INTENSITY_HIGH company_id=ONGC year=2017-03 capex_intensity=15.5% (>8% threshold, spec: 'capital intensive')
FCF_CONVERSION_HEAVY company_id=ONGC year=2017-03 conversion=3.7% (<30% threshold, spec: 'heavy')
CAPEX_INTENSITY_HIGH company_id=ONGC year=2018-03 capex_intensity=20.7% (>8% threshold, spec: 'capital intensive')
FCF_CONVERSION_HEAVY company_id=ONGC year=2018-03 conversion=-17.6% (<30% threshold, spec: 'heavy')
CAPEX_INTENSITY_HIGH company_id=ONGC year=2019-03 capex_intensity=8.8% (>8% threshold, spec: 'capital intensive')
CAPEX_INTENSITY_HIGH company_id=ONGC year=2020-03 capex_intensity=13.4% (>8% threshold, spec: 'capital intensive')
CAPEX_INTENSITY_HIGH company_id=ONGC year=2021-03 capex_intensity=12.9% (>8% threshold, spec: 'capital intensive')
FCF_CONVERSION_HEAVY company_id=ONGC year=2021-03 conversion=16.3% (<30% threshold, spec: 'heavy')
CAPEX_INTENSITY_HIGH company_id=ONGC year=2022-03 capex_intensity=8.4% (>8% threshold, spec: 'capital intensive')
CAPEX_INTENSITY_HIGH company_id=ONGC year=2023-03 capex_intensity=11.8% (>8% threshold, spec: 'capital intensive')
FCF_CONVERSION_HEAVY company_id=ONGC year=2023-03 conversion=15.1% (<30% threshold, spec: 'heavy')
CAPEX_INTENSITY_HIGH company_id=ONGC year=2024-03 capex_intensity=9.7% (>8% threshold, spec: 'capital intensive')
CFO_QUALITY_ACCRUAL_RISK company_id=PFC year=2013-03 CFO/PAT=-5.66 (<0.5 threshold)
FCF_CONVERSION_HEAVY company_id=PFC year=2013-03 conversion=-418.9% (<30% threshold, spec: 'heavy')
CFO_QUALITY_ACCRUAL_RISK company_id=PFC year=2014-03 CFO/PAT=-4.11 (<0.5 threshold)
FCF_CONVERSION_HEAVY company_id=PFC year=2014-03 conversion=-295.3% (<30% threshold, spec: 'heavy')
CFO_QUALITY_ACCRUAL_RISK company_id=PFC year=2015-03 CFO/PAT=-3.57 (<0.5 threshold)
FCF_CONVERSION_HEAVY company_id=PFC year=2015-03 conversion=-260.4% (<30% threshold, spec: 'heavy')
CFO_QUALITY_ACCRUAL_RISK company_id=PFC year=2016-03 CFO/PAT=-2.15 (<0.5 threshold)
FCF_CONVERSION_HEAVY company_id=PFC year=2016-03 conversion=-166.7% (<30% threshold, spec: 'heavy')
FCF_CONVERSION_HEAVY company_id=PFC year=2017-03 conversion=21.4% (<30% threshold, spec: 'heavy')
CFO_QUALITY_ACCRUAL_RISK company_id=PFC year=2018-03 CFO/PAT=-6.50 (<0.5 threshold)
FCF_CONVERSION_HEAVY company_id=PFC year=2018-03 conversion=-474.3% (<30% threshold, spec: 'heavy')
CFO_QUALITY_ACCRUAL_RISK company_id=PFC year=2019-03 CFO/PAT=-6.35 (<0.5 threshold)
CAPEX_INTENSITY_HIGH company_id=PFC year=2019-03 capex_intensity=24.9% (>8% threshold, spec: 'capital intensive')
FCF_CONVERSION_HEAVY company_id=PFC year=2019-03 conversion=-527.0% (<30% threshold, spec: 'heavy')
CFO_QUALITY_ACCRUAL_RISK company_id=PFC year=2020-03 CFO/PAT=-4.45 (<0.5 threshold)
FCF_CONVERSION_HEAVY company_id=PFC year=2020-03 conversion=-301.3% (<30% threshold, spec: 'heavy')
CFO_QUALITY_ACCRUAL_RISK company_id=PFC year=2021-03 CFO/PAT=-3.76 (<0.5 threshold)
FCF_CONVERSION_HEAVY company_id=PFC year=2021-03 conversion=-288.9% (<30% threshold, spec: 'heavy')
CFO_QUALITY_ACCRUAL_RISK company_id=PFC year=2022-03 CFO/PAT=0.26 (<0.5 threshold)
FCF_CONVERSION_HEAVY company_id=PFC year=2022-03 conversion=18.7% (<30% threshold, spec: 'heavy')
CFO_QUALITY_ACCRUAL_RISK company_id=PFC year=2023-03 CFO/PAT=-3.53 (<0.5 threshold)
FCF_CONVERSION_HEAVY company_id=PFC year=2023-03 conversion=-288.3% (<30% threshold, spec: 'heavy')
CFO_QUALITY_ACCRUAL_RISK company_id=PFC year=2024-03 CFO/PAT=-3.70 (<0.5 threshold)
FCF_CONVERSION_HEAVY company_id=PFC year=2024-03 conversion=-301.5% (<30% threshold, spec: 'heavy')
CAPEX_INTENSITY_HIGH company_id=PIDILITIND year=2015-03 capex_intensity=9.0% (>8% threshold, spec: 'capital intensive')
FCF_CONVERSION_HEAVY company_id=PIDILITIND year=2015-03 conversion=15.0% (<30% threshold, spec: 'heavy')
CAPEX_INTENSITY_HIGH company_id=PIDILITIND year=2016-03 capex_intensity=9.2% (>8% threshold, spec: 'capital intensive')
CAPEX_INTENSITY_HIGH company_id=PIDILITIND year=2017-03 capex_intensity=15.6% (>8% threshold, spec: 'capital intensive')
FCF_CONVERSION_HEAVY company_id=PIDILITIND year=2017-03 conversion=-6.7% (<30% threshold, spec: 'heavy')
FCF_CONVERSION_HEAVY company_id=PIDILITIND year=2019-03 conversion=24.2% (<30% threshold, spec: 'heavy')
CAPEX_INTENSITY_HIGH company_id=PIDILITIND year=2021-03 capex_intensity=23.1% (>8% threshold, spec: 'capital intensive')
FCF_CONVERSION_HEAVY company_id=PIDILITIND year=2021-03 conversion=-17.6% (<30% threshold, spec: 'heavy')
FCF_CONVERSION_HEAVY company_id=PIDILITIND year=2022-03 conversion=21.4% (<30% threshold, spec: 'heavy')
CAPEX_INTENSITY_HIGH company_id=PIDILITIND year=2024-03 capex_intensity=14.3% (>8% threshold, spec: 'capital intensive')
CFO_QUALITY_ACCRUAL_RISK company_id=PNB year=2013-03 CFO/PAT=-0.14 (<0.5 threshold)
CFO_QUALITY_ACCRUAL_RISK company_id=PNB year=2016-03 CFO/PAT=-4.04 (<0.5 threshold)
CFO_QUALITY_ACCRUAL_RISK company_id=PNB year=2018-03 CFO/PAT=0.14 (<0.5 threshold)
CFO_QUALITY_ACCRUAL_RISK company_id=PNB year=2020-03 CFO/PAT=-26.38 (<0.5 threshold)
CFO_QUALITY_ACCRUAL_RISK company_id=PNB year=2024-03 CFO/PAT=-3.05 (<0.5 threshold)
CAPEX_INTENSITY_HIGH company_id=POWERGRID year=2013-03 capex_intensity=168.8% (>8% threshold, spec: 'capital intensive')
FCF_CONVERSION_HEAVY company_id=POWERGRID year=2013-03 conversion=-95.9% (<30% threshold, spec: 'heavy')
CAPEX_INTENSITY_HIGH company_id=POWERGRID year=2014-03 capex_intensity=171.3% (>8% threshold, spec: 'capital intensive')
FCF_CONVERSION_HEAVY company_id=POWERGRID year=2014-03 conversion=-88.0% (<30% threshold, spec: 'heavy')
CAPEX_INTENSITY_HIGH company_id=POWERGRID year=2015-03 capex_intensity=137.9% (>8% threshold, spec: 'capital intensive')
FCF_CONVERSION_HEAVY company_id=POWERGRID year=2015-03 conversion=-56.2% (<30% threshold, spec: 'heavy')
CAPEX_INTENSITY_HIGH company_id=POWERGRID year=2016-03 capex_intensity=104.5% (>8% threshold, spec: 'capital intensive')
FCF_CONVERSION_HEAVY company_id=POWERGRID year=2016-03 conversion=-36.1% (<30% threshold, spec: 'heavy')
CAPEX_INTENSITY_HIGH company_id=POWERGRID year=2017-03 capex_intensity=92.8% (>8% threshold, spec: 'capital intensive')
FCF_CONVERSION_HEAVY company_id=POWERGRID year=2017-03 conversion=-10.1% (<30% threshold, spec: 'heavy')
CAPEX_INTENSITY_HIGH company_id=POWERGRID year=2018-03 capex_intensity=85.8% (>8% threshold, spec: 'capital intensive')
FCF_CONVERSION_HEAVY company_id=POWERGRID year=2018-03 conversion=-11.5% (<30% threshold, spec: 'heavy')
CAPEX_INTENSITY_HIGH company_id=POWERGRID year=2019-03 capex_intensity=53.4% (>8% threshold, spec: 'capital intensive')
FCF_CONVERSION_HEAVY company_id=POWERGRID year=2019-03 conversion=16.9% (<30% threshold, spec: 'heavy')
CAPEX_INTENSITY_HIGH company_id=POWERGRID year=2020-03 capex_intensity=28.4% (>8% threshold, spec: 'capital intensive')
CAPEX_INTENSITY_HIGH company_id=POWERGRID year=2021-03 capex_intensity=23.3% (>8% threshold, spec: 'capital intensive')
CAPEX_INTENSITY_HIGH company_id=POWERGRID year=2023-03 capex_intensity=15.7% (>8% threshold, spec: 'capital intensive')
CAPEX_INTENSITY_HIGH company_id=POWERGRID year=2024-03 capex_intensity=28.6% (>8% threshold, spec: 'capital intensive')
CFO_QUALITY_ACCRUAL_RISK company_id=RECLTD year=2013-03 CFO/PAT=-5.23 (<0.5 threshold)
FCF_CONVERSION_HEAVY company_id=RECLTD year=2013-03 conversion=-150.0% (<30% threshold, spec: 'heavy')
CFO_QUALITY_ACCRUAL_RISK company_id=RECLTD year=2014-03 CFO/PAT=-3.64 (<0.5 threshold)
FCF_CONVERSION_HEAVY company_id=RECLTD year=2014-03 conversion=-102.8% (<30% threshold, spec: 'heavy')
CFO_QUALITY_ACCRUAL_RISK company_id=RECLTD year=2015-03 CFO/PAT=-4.47 (<0.5 threshold)
FCF_CONVERSION_HEAVY company_id=RECLTD year=2015-03 conversion=-122.4% (<30% threshold, spec: 'heavy')
CFO_QUALITY_ACCRUAL_RISK company_id=RECLTD year=2016-03 CFO/PAT=-2.33 (<0.5 threshold)
FCF_CONVERSION_HEAVY company_id=RECLTD year=2016-03 conversion=-62.5% (<30% threshold, spec: 'heavy')
FCF_CONVERSION_HEAVY company_id=RECLTD year=2017-03 conversion=29.9% (<30% threshold, spec: 'heavy')
CFO_QUALITY_ACCRUAL_RISK company_id=RECLTD year=2018-03 CFO/PAT=-7.30 (<0.5 threshold)
FCF_CONVERSION_HEAVY company_id=RECLTD year=2018-03 conversion=-168.4% (<30% threshold, spec: 'heavy')
CFO_QUALITY_ACCRUAL_RISK company_id=RECLTD year=2019-03 CFO/PAT=-6.25 (<0.5 threshold)
FCF_CONVERSION_HEAVY company_id=RECLTD year=2019-03 conversion=-149.4% (<30% threshold, spec: 'heavy')
CFO_QUALITY_ACCRUAL_RISK company_id=RECLTD year=2020-03 CFO/PAT=-6.58 (<0.5 threshold)
FCF_CONVERSION_HEAVY company_id=RECLTD year=2020-03 conversion=-125.5% (<30% threshold, spec: 'heavy')
CFO_QUALITY_ACCRUAL_RISK company_id=RECLTD year=2021-03 CFO/PAT=-5.19 (<0.5 threshold)
FCF_CONVERSION_HEAVY company_id=RECLTD year=2021-03 conversion=-132.2% (<30% threshold, spec: 'heavy')
CFO_QUALITY_ACCRUAL_RISK company_id=RECLTD year=2022-03 CFO/PAT=-0.08 (<0.5 threshold)
FCF_CONVERSION_HEAVY company_id=RECLTD year=2022-03 conversion=-3.2% (<30% threshold, spec: 'heavy')
CFO_QUALITY_ACCRUAL_RISK company_id=RECLTD year=2023-03 CFO/PAT=-3.35 (<0.5 threshold)
FCF_CONVERSION_HEAVY company_id=RECLTD year=2023-03 conversion=-101.8% (<30% threshold, spec: 'heavy')
CFO_QUALITY_ACCRUAL_RISK company_id=RECLTD year=2024-03 CFO/PAT=-4.08 (<0.5 threshold)
FCF_CONVERSION_HEAVY company_id=RECLTD year=2024-03 conversion=-124.4% (<30% threshold, spec: 'heavy')
FCF_CONVERSION_HEAVY company_id=RELIANCE year=2013-03 conversion=28.1% (<30% threshold, spec: 'heavy')
CAPEX_INTENSITY_HIGH company_id=RELIANCE year=2014-03 capex_intensity=16.9% (>8% threshold, spec: 'capital intensive')
FCF_CONVERSION_HEAVY company_id=RELIANCE year=2014-03 conversion=-85.3% (<30% threshold, spec: 'heavy')
CAPEX_INTENSITY_HIGH company_id=RELIANCE year=2015-03 capex_intensity=17.3% (>8% threshold, spec: 'capital intensive')
FCF_CONVERSION_HEAVY company_id=RELIANCE year=2015-03 conversion=-81.0% (<30% threshold, spec: 'heavy')
CAPEX_INTENSITY_HIGH company_id=RELIANCE year=2016-03 capex_intensity=13.3% (>8% threshold, spec: 'capital intensive')
FCF_CONVERSION_HEAVY company_id=RELIANCE year=2016-03 conversion=4.7% (<30% threshold, spec: 'heavy')
CAPEX_INTENSITY_HIGH company_id=RELIANCE year=2017-03 capex_intensity=21.8% (>8% threshold, spec: 'capital intensive')
FCF_CONVERSION_HEAVY company_id=RELIANCE year=2017-03 conversion=-36.0% (<30% threshold, spec: 'heavy')
CAPEX_INTENSITY_HIGH company_id=RELIANCE year=2018-03 capex_intensity=17.4% (>8% threshold, spec: 'capital intensive')
FCF_CONVERSION_HEAVY company_id=RELIANCE year=2018-03 conversion=5.1% (<30% threshold, spec: 'heavy')
CAPEX_INTENSITY_HIGH company_id=RELIANCE year=2019-03 capex_intensity=16.6% (>8% threshold, spec: 'capital intensive')
FCF_CONVERSION_HEAVY company_id=RELIANCE year=2019-03 conversion=-61.9% (<30% threshold, spec: 'heavy')
CAPEX_INTENSITY_HIGH company_id=RELIANCE year=2020-03 capex_intensity=12.2% (>8% threshold, spec: 'capital intensive')
FCF_CONVERSION_HEAVY company_id=RELIANCE year=2020-03 conversion=25.1% (<30% threshold, spec: 'heavy')
CAPEX_INTENSITY_HIGH company_id=RELIANCE year=2021-03 capex_intensity=30.5% (>8% threshold, spec: 'capital intensive')
FCF_CONVERSION_HEAVY company_id=RELIANCE year=2021-03 conversion=-142.9% (<30% threshold, spec: 'heavy')
CAPEX_INTENSITY_HIGH company_id=RELIANCE year=2022-03 capex_intensity=15.7% (>8% threshold, spec: 'capital intensive')
FCF_CONVERSION_HEAVY company_id=RELIANCE year=2022-03 conversion=1.4% (<30% threshold, spec: 'heavy')
CAPEX_INTENSITY_HIGH company_id=RELIANCE year=2023-03 capex_intensity=10.6% (>8% threshold, spec: 'capital intensive')
FCF_CONVERSION_HEAVY company_id=RELIANCE year=2023-03 conversion=15.5% (<30% threshold, spec: 'heavy')
CAPEX_INTENSITY_HIGH company_id=RELIANCE year=2024-03 capex_intensity=12.6% (>8% threshold, spec: 'capital intensive')
FCF_CONVERSION_HEAVY company_id=RELIANCE year=2024-03 conversion=27.8% (<30% threshold, spec: 'heavy')
CFO_QUALITY_ACCRUAL_RISK company_id=SBILIFE year=2014-03 CFO/PAT=0.23 (<0.5 threshold)
FCF_CONVERSION_HEAVY company_id=SBILIFE year=2014-03 conversion=-106.1% (<30% threshold, spec: 'heavy')
CAPEX_INTENSITY_HIGH company_id=SBILIFE year=2016-03 capex_intensity=37.3% (>8% threshold, spec: 'capital intensive')
FCF_CONVERSION_HEAVY company_id=SBILIFE year=2016-03 conversion=-155.0% (<30% threshold, spec: 'heavy')
CAPEX_INTENSITY_HIGH company_id=SBILIFE year=2017-03 capex_intensity=29.6% (>8% threshold, spec: 'capital intensive')
FCF_CONVERSION_HEAVY company_id=SBILIFE year=2017-03 conversion=-47.5% (<30% threshold, spec: 'heavy')
CAPEX_INTENSITY_HIGH company_id=SBILIFE year=2018-03 capex_intensity=26.2% (>8% threshold, spec: 'capital intensive')
CAPEX_INTENSITY_HIGH company_id=SBILIFE year=2019-03 capex_intensity=30.4% (>8% threshold, spec: 'capital intensive')
FCF_CONVERSION_HEAVY company_id=SBILIFE year=2019-03 conversion=-5.4% (<30% threshold, spec: 'heavy')
DEBT_FREE_SUBSTITUTION company_id=SBILIFE year=2020-03 interest=0 -> ICR set to sentinel 999.0
CAPEX_INTENSITY_HIGH company_id=SBILIFE year=2020-03 capex_intensity=38.8% (>8% threshold, spec: 'capital intensive')
DEBT_FREE_SUBSTITUTION company_id=SBILIFE year=2021-03 interest=0 -> ICR set to sentinel 999.0
CAPEX_INTENSITY_HIGH company_id=SBILIFE year=2021-03 capex_intensity=23.4% (>8% threshold, spec: 'capital intensive')
DEBT_FREE_SUBSTITUTION company_id=SBILIFE year=2022-03 interest=0 -> ICR set to sentinel 999.0
CAPEX_INTENSITY_HIGH company_id=SBILIFE year=2022-03 capex_intensity=26.0% (>8% threshold, spec: 'capital intensive')
CAPEX_INTENSITY_HIGH company_id=SBILIFE year=2023-03 capex_intensity=37.5% (>8% threshold, spec: 'capital intensive')
FCF_CONVERSION_HEAVY company_id=SBILIFE year=2023-03 conversion=-1268.0% (<30% threshold, spec: 'heavy')
CAPEX_INTENSITY_HIGH company_id=SBILIFE year=2024-03 capex_intensity=23.7% (>8% threshold, spec: 'capital intensive')
FCF_CONVERSION_HEAVY company_id=SBILIFE year=2024-03 conversion=-853.3% (<30% threshold, spec: 'heavy')
NONE_RESULT field=return_on_equity_pct company_id=SBIN year=2013-03
NONE_RESULT field=debt_to_equity company_id=SBIN year=2013-03
NONE_RESULT field=asset_turnover company_id=SBIN year=2013-03
FCF_CONVERSION_HEAVY company_id=SBIN year=2013-03 conversion=-430.5% (<30% threshold, spec: 'heavy')
NONE_RESULT field=return_on_equity_pct company_id=SBIN year=2014-03
NONE_RESULT field=debt_to_equity company_id=SBIN year=2014-03
NONE_RESULT field=asset_turnover company_id=SBIN year=2014-03
FCF_CONVERSION_HEAVY company_id=SBIN year=2014-03 conversion=-125.6% (<30% threshold, spec: 'heavy')
NONE_RESULT field=return_on_equity_pct company_id=SBIN year=2015-03
NONE_RESULT field=debt_to_equity company_id=SBIN year=2015-03
NONE_RESULT field=asset_turnover company_id=SBIN year=2015-03
FCF_CONVERSION_HEAVY company_id=SBIN year=2015-03 conversion=-104.5% (<30% threshold, spec: 'heavy')
NONE_RESULT field=return_on_equity_pct company_id=SBIN year=2016-03
NONE_RESULT field=debt_to_equity company_id=SBIN year=2016-03
NONE_RESULT field=asset_turnover company_id=SBIN year=2016-03
FCF_CONVERSION_HEAVY company_id=SBIN year=2016-03 conversion=-36.2% (<30% threshold, spec: 'heavy')
NONE_RESULT field=return_on_equity_pct company_id=SBIN year=2017-03
NONE_RESULT field=debt_to_equity company_id=SBIN year=2017-03
NONE_RESULT field=asset_turnover company_id=SBIN year=2017-03
CFO_QUALITY_ACCRUAL_RISK company_id=SBIN year=2017-03 CFO/PAT=-798.00 (<0.5 threshold)
FCF_CONVERSION_HEAVY company_id=SBIN year=2017-03 conversion=-113.2% (<30% threshold, spec: 'heavy')
NONE_RESULT field=return_on_equity_pct company_id=SBIN year=2018-03
NONE_RESULT field=debt_to_equity company_id=SBIN year=2018-03
NONE_RESULT field=asset_turnover company_id=SBIN year=2018-03
NONE_RESULT field=return_on_equity_pct company_id=SBIN year=2019-03
NONE_RESULT field=debt_to_equity company_id=SBIN year=2019-03
NONE_RESULT field=asset_turnover company_id=SBIN year=2019-03
FCF_CONVERSION_HEAVY company_id=SBIN year=2019-03 conversion=-43.4% (<30% threshold, spec: 'heavy')
NONE_RESULT field=return_on_equity_pct company_id=SBIN year=2020-03
NONE_RESULT field=debt_to_equity company_id=SBIN year=2020-03
NONE_RESULT field=asset_turnover company_id=SBIN year=2020-03
FCF_CONVERSION_HEAVY company_id=SBIN year=2020-03 conversion=-36.4% (<30% threshold, spec: 'heavy')
NONE_RESULT field=return_on_equity_pct company_id=SBIN year=2021-03
NONE_RESULT field=debt_to_equity company_id=SBIN year=2021-03
NONE_RESULT field=asset_turnover company_id=SBIN year=2021-03
FCF_CONVERSION_HEAVY company_id=SBIN year=2021-03 conversion=-122.0% (<30% threshold, spec: 'heavy')
NONE_RESULT field=return_on_equity_pct company_id=SBIN year=2022-03
NONE_RESULT field=debt_to_equity company_id=SBIN year=2022-03
NONE_RESULT field=asset_turnover company_id=SBIN year=2022-03
FCF_CONVERSION_HEAVY company_id=SBIN year=2022-03 conversion=-86.6% (<30% threshold, spec: 'heavy')
NONE_RESULT field=return_on_equity_pct company_id=SBIN year=2023-03
NONE_RESULT field=debt_to_equity company_id=SBIN year=2023-03
NONE_RESULT field=asset_turnover company_id=SBIN year=2023-03
CFO_QUALITY_ACCRUAL_RISK company_id=SBIN year=2023-03 CFO/PAT=-1.49 (<0.5 threshold)
NONE_RESULT field=return_on_equity_pct company_id=SBIN year=2024-03
NONE_RESULT field=debt_to_equity company_id=SBIN year=2024-03
NONE_RESULT field=asset_turnover company_id=SBIN year=2024-03
CFO_QUALITY_ACCRUAL_RISK company_id=SBIN year=2024-03 CFO/PAT=0.31 (<0.5 threshold)
FCF_CONVERSION_HEAVY company_id=SBIN year=2024-03 conversion=-30.1% (<30% threshold, spec: 'heavy')
CAPEX_INTENSITY_HIGH company_id=SHREECEM year=2014-06 capex_intensity=21.6% (>8% threshold, spec: 'capital intensive')
FCF_CONVERSION_HEAVY company_id=SHREECEM year=2014-06 conversion=12.0% (<30% threshold, spec: 'heavy')
CAPEX_INTENSITY_HIGH company_id=SHREECEM year=2015-06 capex_intensity=15.8% (>8% threshold, spec: 'capital intensive')
FCF_CONVERSION_HEAVY company_id=SHREECEM year=2015-06 conversion=18.5% (<30% threshold, spec: 'heavy')
CAPEX_INTENSITY_HIGH company_id=SHREECEM year=2017-03 capex_intensity=23.8% (>8% threshold, spec: 'capital intensive')
FCF_CONVERSION_HEAVY company_id=SHREECEM year=2017-03 conversion=6.1% (<30% threshold, spec: 'heavy')
CAPEX_INTENSITY_HIGH company_id=SHREECEM year=2018-03 capex_intensity=36.6% (>8% threshold, spec: 'capital intensive')
FCF_CONVERSION_HEAVY company_id=SHREECEM year=2018-03 conversion=-69.4% (<30% threshold, spec: 'heavy')
CAPEX_INTENSITY_HIGH company_id=SHREECEM year=2020-03 capex_intensity=43.4% (>8% threshold, spec: 'capital intensive')
FCF_CONVERSION_HEAVY company_id=SHREECEM year=2020-03 conversion=-42.9% (<30% threshold, spec: 'heavy')
CAPEX_INTENSITY_HIGH company_id=SHREECEM year=2021-03 capex_intensity=19.6% (>8% threshold, spec: 'capital intensive')
CAPEX_INTENSITY_HIGH company_id=SHREECEM year=2022-03 capex_intensity=14.3% (>8% threshold, spec: 'capital intensive')
FCF_CONVERSION_HEAVY company_id=SHREECEM year=2022-03 conversion=14.2% (<30% threshold, spec: 'heavy')
CAPEX_INTENSITY_HIGH company_id=SHREECEM year=2023-03 capex_intensity=13.5% (>8% threshold, spec: 'capital intensive')
FCF_CONVERSION_HEAVY company_id=SHREECEM year=2023-03 conversion=5.5% (<30% threshold, spec: 'heavy')
CFO_QUALITY_ACCRUAL_RISK company_id=SHRIRAMFIN year=2013-03 CFO/PAT=-5.71 (<0.5 threshold)
FCF_CONVERSION_HEAVY company_id=SHRIRAMFIN year=2013-03 conversion=-385.5% (<30% threshold, spec: 'heavy')
CFO_QUALITY_ACCRUAL_RISK company_id=SHRIRAMFIN year=2014-03 CFO/PAT=-2.99 (<0.5 threshold)
FCF_CONVERSION_HEAVY company_id=SHRIRAMFIN year=2014-03 conversion=-208.5% (<30% threshold, spec: 'heavy')
CFO_QUALITY_ACCRUAL_RISK company_id=SHRIRAMFIN year=2015-03 CFO/PAT=-9.35 (<0.5 threshold)
FCF_CONVERSION_HEAVY company_id=SHRIRAMFIN year=2015-03 conversion=-571.0% (<30% threshold, spec: 'heavy')
CFO_QUALITY_ACCRUAL_RISK company_id=SHRIRAMFIN year=2016-03 CFO/PAT=-4.65 (<0.5 threshold)
FCF_CONVERSION_HEAVY company_id=SHRIRAMFIN year=2016-03 conversion=-303.9% (<30% threshold, spec: 'heavy')
CFO_QUALITY_ACCRUAL_RISK company_id=SHRIRAMFIN year=2017-03 CFO/PAT=-2.11 (<0.5 threshold)
FCF_CONVERSION_HEAVY company_id=SHRIRAMFIN year=2017-03 conversion=-135.9% (<30% threshold, spec: 'heavy')
CFO_QUALITY_ACCRUAL_RISK company_id=SHRIRAMFIN year=2018-03 CFO/PAT=-5.16 (<0.5 threshold)
FCF_CONVERSION_HEAVY company_id=SHRIRAMFIN year=2018-03 conversion=-343.1% (<30% threshold, spec: 'heavy')
CFO_QUALITY_ACCRUAL_RISK company_id=SHRIRAMFIN year=2019-03 CFO/PAT=-2.15 (<0.5 threshold)
FCF_CONVERSION_HEAVY company_id=SHRIRAMFIN year=2019-03 conversion=-147.6% (<30% threshold, spec: 'heavy')
CFO_QUALITY_ACCRUAL_RISK company_id=SHRIRAMFIN year=2020-03 CFO/PAT=-0.98 (<0.5 threshold)
FCF_CONVERSION_HEAVY company_id=SHRIRAMFIN year=2020-03 conversion=-70.7% (<30% threshold, spec: 'heavy')
CFO_QUALITY_ACCRUAL_RISK company_id=SHRIRAMFIN year=2021-03 CFO/PAT=-1.70 (<0.5 threshold)
FCF_CONVERSION_HEAVY company_id=SHRIRAMFIN year=2021-03 conversion=-125.3% (<30% threshold, spec: 'heavy')
CFO_QUALITY_ACCRUAL_RISK company_id=SHRIRAMFIN year=2022-03 CFO/PAT=-3.26 (<0.5 threshold)
FCF_CONVERSION_HEAVY company_id=SHRIRAMFIN year=2022-03 conversion=-242.6% (<30% threshold, spec: 'heavy')
CFO_QUALITY_ACCRUAL_RISK company_id=SHRIRAMFIN year=2023-03 CFO/PAT=-2.93 (<0.5 threshold)
CAPEX_INTENSITY_HIGH company_id=SHRIRAMFIN year=2023-03 capex_intensity=16.6% (>8% threshold, spec: 'capital intensive')
FCF_CONVERSION_HEAVY company_id=SHRIRAMFIN year=2023-03 conversion=-142.6% (<30% threshold, spec: 'heavy')
CFO_QUALITY_ACCRUAL_RISK company_id=SHRIRAMFIN year=2024-03 CFO/PAT=-4.20 (<0.5 threshold)
FCF_CONVERSION_HEAVY company_id=SHRIRAMFIN year=2024-03 conversion=-298.0% (<30% threshold, spec: 'heavy')
CFO_QUALITY_ACCRUAL_RISK company_id=SIEMENS year=2011-09 CFO/PAT=0.00 (<0.5 threshold)
FCF_CONVERSION_HEAVY company_id=SIEMENS year=2011-09 conversion=22.8% (<30% threshold, spec: 'heavy')
CFO_QUALITY_ACCRUAL_RISK company_id=SIEMENS year=2015-09 CFO/PAT=0.49 (<0.5 threshold)
CFO_QUALITY_ACCRUAL_RISK company_id=SIEMENS year=2016-09 CFO/PAT=0.18 (<0.5 threshold)
CAPEX_INTENSITY_HIGH company_id=SIEMENS year=2017-09 capex_intensity=11.9% (>8% threshold, spec: 'capital intensive')
CFO_QUALITY_ACCRUAL_RISK company_id=SIEMENS year=2018-09 CFO/PAT=0.11 (<0.5 threshold)
FCF_CONVERSION_HEAVY company_id=SIEMENS year=2018-09 conversion=-5.6% (<30% threshold, spec: 'heavy')
CAPEX_INTENSITY_HIGH company_id=SIEMENS year=2019-09 capex_intensity=8.7% (>8% threshold, spec: 'capital intensive')
FCF_CONVERSION_HEAVY company_id=SIEMENS year=2019-09 conversion=9.3% (<30% threshold, spec: 'heavy')
CAPEX_INTENSITY_HIGH company_id=SIEMENS year=2020-09 capex_intensity=8.8% (>8% threshold, spec: 'capital intensive')
CAPEX_INTENSITY_HIGH company_id=SIEMENS year=2021-09 capex_intensity=18.1% (>8% threshold, spec: 'capital intensive')
FCF_CONVERSION_HEAVY company_id=SIEMENS year=2021-09 conversion=-66.6% (<30% threshold, spec: 'heavy')
FCF_CONVERSION_HEAVY company_id=SIEMENS year=2023-09 conversion=25.8% (<30% threshold, spec: 'heavy')
CAPEX_INTENSITY_HIGH company_id=SUNPHARMA year=2013-03 capex_intensity=21.3% (>8% threshold, spec: 'capital intensive')
FCF_CONVERSION_HEAVY company_id=SUNPHARMA year=2013-03 conversion=20.5% (<30% threshold, spec: 'heavy')
CAPEX_INTENSITY_HIGH company_id=SUNPHARMA year=2014-03 capex_intensity=13.5% (>8% threshold, spec: 'capital intensive')
FCF_CONVERSION_HEAVY company_id=SUNPHARMA year=2014-03 conversion=25.5% (<30% threshold, spec: 'heavy')
CAPEX_INTENSITY_HIGH company_id=SUNPHARMA year=2016-03 capex_intensity=13.9% (>8% threshold, spec: 'capital intensive')
CAPEX_INTENSITY_HIGH company_id=SUNPHARMA year=2017-03 capex_intensity=13.3% (>8% threshold, spec: 'capital intensive')
FCF_CONVERSION_HEAVY company_id=SUNPHARMA year=2017-03 conversion=28.7% (<30% threshold, spec: 'heavy')
CAPEX_INTENSITY_HIGH company_id=SUNPHARMA year=2018-03 capex_intensity=11.7% (>8% threshold, spec: 'capital intensive')
FCF_CONVERSION_HEAVY company_id=SUNPHARMA year=2018-03 conversion=14.3% (<30% threshold, spec: 'heavy')
FCF_CONVERSION_HEAVY company_id=SUNPHARMA year=2019-03 conversion=29.6% (<30% threshold, spec: 'heavy')
CAPEX_INTENSITY_HIGH company_id=SUNPHARMA year=2022-03 capex_intensity=14.4% (>8% threshold, spec: 'capital intensive')
CAPEX_INTENSITY_HIGH company_id=SUNPHARMA year=2023-03 capex_intensity=16.5% (>8% threshold, spec: 'capital intensive')
FCF_CONVERSION_HEAVY company_id=SUNPHARMA year=2023-03 conversion=-19.4% (<30% threshold, spec: 'heavy')
OPM_CROSS_CHECK_MISMATCH company_id=SUNPHARMA year=2024-03 computed=26.84 stated=28.0
CFO_QUALITY_ACCRUAL_RISK company_id=TATACONSUM year=2013-03 CFO/PAT=0.39 (<0.5 threshold)
FCF_CONVERSION_HEAVY company_id=TATACONSUM year=2013-03 conversion=25.6% (<30% threshold, spec: 'heavy')
FCF_CONVERSION_HEAVY company_id=TATACONSUM year=2015-03 conversion=26.6% (<30% threshold, spec: 'heavy')
CFO_QUALITY_ACCRUAL_RISK company_id=TATACONSUM year=2016-03 CFO/PAT=-3.14 (<0.5 threshold)
CFO_QUALITY_ACCRUAL_RISK company_id=TATACONSUM year=2019-03 CFO/PAT=0.46 (<0.5 threshold)
CAPEX_INTENSITY_HIGH company_id=TATACONSUM year=2022-03 capex_intensity=10.6% (>8% threshold, spec: 'capital intensive')
FCF_CONVERSION_HEAVY company_id=TATACONSUM year=2022-03 conversion=11.6% (<30% threshold, spec: 'heavy')
CAPEX_INTENSITY_HIGH company_id=TATACONSUM year=2024-03 capex_intensity=12.6% (>8% threshold, spec: 'capital intensive')
FCF_CONVERSION_HEAVY company_id=TATACONSUM year=2024-03 conversion=1.1% (<30% threshold, spec: 'heavy')
CAPEX_INTENSITY_HIGH company_id=TATAMOTORS year=2013-03 capex_intensity=12.2% (>8% threshold, spec: 'capital intensive')
FCF_CONVERSION_HEAVY company_id=TATAMOTORS year=2013-03 conversion=-3.3% (<30% threshold, spec: 'heavy')
CAPEX_INTENSITY_HIGH company_id=TATAMOTORS year=2014-03 capex_intensity=12.0% (>8% threshold, spec: 'capital intensive')
FCF_CONVERSION_HEAVY company_id=TATAMOTORS year=2014-03 conversion=23.4% (<30% threshold, spec: 'heavy')
CAPEX_INTENSITY_HIGH company_id=TATAMOTORS year=2015-03 capex_intensity=13.8% (>8% threshold, spec: 'capital intensive')
FCF_CONVERSION_HEAVY company_id=TATAMOTORS year=2015-03 conversion=-1.8% (<30% threshold, spec: 'heavy')
CAPEX_INTENSITY_HIGH company_id=TATAMOTORS year=2016-03 capex_intensity=13.4% (>8% threshold, spec: 'capital intensive')
FCF_CONVERSION_HEAVY company_id=TATAMOTORS year=2016-03 conversion=3.1% (<30% threshold, spec: 'heavy')
CAPEX_INTENSITY_HIGH company_id=TATAMOTORS year=2017-03 capex_intensity=14.7% (>8% threshold, spec: 'capital intensive')
FCF_CONVERSION_HEAVY company_id=TATAMOTORS year=2017-03 conversion=-31.7% (<30% threshold, spec: 'heavy')
CAPEX_INTENSITY_HIGH company_id=TATAMOTORS year=2018-03 capex_intensity=8.6% (>8% threshold, spec: 'capital intensive')
FCF_CONVERSION_HEAVY company_id=TATAMOTORS year=2018-03 conversion=-4.1% (<30% threshold, spec: 'heavy')
CFO_QUALITY_ACCRUAL_RISK company_id=TATAMOTORS year=2019-03 CFO/PAT=-0.66 (<0.5 threshold)
FCF_CONVERSION_HEAVY company_id=TATAMOTORS year=2019-03 conversion=-8.1% (<30% threshold, spec: 'heavy')
CFO_QUALITY_ACCRUAL_RISK company_id=TATAMOTORS year=2020-03 CFO/PAT=-2.22 (<0.5 threshold)
CAPEX_INTENSITY_HIGH company_id=TATAMOTORS year=2020-03 capex_intensity=12.7% (>8% threshold, spec: 'capital intensive')
FCF_CONVERSION_HEAVY company_id=TATAMOTORS year=2020-03 conversion=-36.0% (<30% threshold, spec: 'heavy')
CFO_QUALITY_ACCRUAL_RISK company_id=TATAMOTORS year=2021-03 CFO/PAT=-2.17 (<0.5 threshold)
CAPEX_INTENSITY_HIGH company_id=TATAMOTORS year=2021-03 capex_intensity=10.3% (>8% threshold, spec: 'capital intensive')
FCF_CONVERSION_HEAVY company_id=TATAMOTORS year=2021-03 conversion=10.3% (<30% threshold, spec: 'heavy')
CFO_QUALITY_ACCRUAL_RISK company_id=TATAMOTORS year=2022-03 CFO/PAT=-1.26 (<0.5 threshold)
CAPEX_INTENSITY_HIGH company_id=TATAPOWER year=2013-03 capex_intensity=12.1% (>8% threshold, spec: 'capital intensive')
FCF_CONVERSION_HEAVY company_id=TATAPOWER year=2013-03 conversion=-13.2% (<30% threshold, spec: 'heavy')
CAPEX_INTENSITY_HIGH company_id=TATAPOWER year=2014-03 capex_intensity=10.1% (>8% threshold, spec: 'capital intensive')
CAPEX_INTENSITY_HIGH company_id=TATAPOWER year=2015-03 capex_intensity=11.5% (>8% threshold, spec: 'capital intensive')
CAPEX_INTENSITY_HIGH company_id=TATAPOWER year=2017-03 capex_intensity=26.7% (>8% threshold, spec: 'capital intensive')
FCF_CONVERSION_HEAVY company_id=TATAPOWER year=2017-03 conversion=-6.6% (<30% threshold, spec: 'heavy')
CAPEX_INTENSITY_HIGH company_id=TATAPOWER year=2022-03 capex_intensity=14.6% (>8% threshold, spec: 'capital intensive')
FCF_CONVERSION_HEAVY company_id=TATAPOWER year=2022-03 conversion=6.3% (<30% threshold, spec: 'heavy')
CAPEX_INTENSITY_HIGH company_id=TATAPOWER year=2023-03 capex_intensity=13.2% (>8% threshold, spec: 'capital intensive')
FCF_CONVERSION_HEAVY company_id=TATAPOWER year=2023-03 conversion=-1.3% (<30% threshold, spec: 'heavy')
CAPEX_INTENSITY_HIGH company_id=TATAPOWER year=2024-03 capex_intensity=14.7% (>8% threshold, spec: 'capital intensive')
CFO_QUALITY_ACCRUAL_RISK company_id=TATASTEEL year=2013-03 CFO/PAT=-1.93 (<0.5 threshold)
CAPEX_INTENSITY_HIGH company_id=TATASTEEL year=2013-03 capex_intensity=9.7% (>8% threshold, spec: 'capital intensive')
FCF_CONVERSION_HEAVY company_id=TATASTEEL year=2013-03 conversion=23.6% (<30% threshold, spec: 'heavy')
CAPEX_INTENSITY_HIGH company_id=TATASTEEL year=2014-03 capex_intensity=10.3% (>8% threshold, spec: 'capital intensive')
FCF_CONVERSION_HEAVY company_id=TATASTEEL year=2014-03 conversion=-13.8% (<30% threshold, spec: 'heavy')
CFO_QUALITY_ACCRUAL_RISK company_id=TATASTEEL year=2015-03 CFO/PAT=-3.02 (<0.5 threshold)
CFO_QUALITY_ACCRUAL_RISK company_id=TATASTEEL year=2016-03 CFO/PAT=-23.05 (<0.5 threshold)
CAPEX_INTENSITY_HIGH company_id=TATASTEEL year=2016-03 capex_intensity=8.6% (>8% threshold, spec: 'capital intensive')
FCF_CONVERSION_HEAVY company_id=TATASTEEL year=2016-03 conversion=-425.8% (<30% threshold, spec: 'heavy')
CFO_QUALITY_ACCRUAL_RISK company_id=TATASTEEL year=2017-03 CFO/PAT=-2.60 (<0.5 threshold)
CAPEX_INTENSITY_HIGH company_id=TATASTEEL year=2017-03 capex_intensity=8.5% (>8% threshold, spec: 'capital intensive')
FCF_CONVERSION_HEAVY company_id=TATASTEEL year=2017-03 conversion=10.1% (<30% threshold, spec: 'heavy')
CFO_QUALITY_ACCRUAL_RISK company_id=TATASTEEL year=2018-03 CFO/PAT=0.45 (<0.5 threshold)
CAPEX_INTENSITY_HIGH company_id=TATASTEEL year=2018-03 capex_intensity=9.5% (>8% threshold, spec: 'capital intensive')
FCF_CONVERSION_HEAVY company_id=TATASTEEL year=2018-03 conversion=-17.3% (<30% threshold, spec: 'heavy')
CAPEX_INTENSITY_HIGH company_id=TATASTEEL year=2019-03 capex_intensity=18.5% (>8% threshold, spec: 'capital intensive')
FCF_CONVERSION_HEAVY company_id=TATASTEEL year=2019-03 conversion=-13.1% (<30% threshold, spec: 'heavy')
CAPEX_INTENSITY_HIGH company_id=TATASTEEL year=2020-03 capex_intensity=10.0% (>8% threshold, spec: 'capital intensive')
FCF_CONVERSION_HEAVY company_id=TATASTEEL year=2023-03 conversion=10.8% (<30% threshold, spec: 'heavy')
CFO_QUALITY_ACCRUAL_RISK company_id=TATASTEEL year=2024-03 CFO/PAT=-4.13 (<0.5 threshold)
FCF_CONVERSION_HEAVY company_id=TATASTEEL year=2024-03 conversion=27.2% (<30% threshold, spec: 'heavy')
CAPEX_INTENSITY_HIGH company_id=TCS year=2013-03 capex_intensity=9.6% (>8% threshold, spec: 'capital intensive')
CAPEX_INTENSITY_HIGH company_id=TCS year=2014-03 capex_intensity=11.6% (>8% threshold, spec: 'capital intensive')
FCF_CONVERSION_HEAVY company_id=TCS year=2014-03 conversion=21.1% (<30% threshold, spec: 'heavy')
CAPEX_INTENSITY_HIGH company_id=TCS year=2017-03 capex_intensity=14.3% (>8% threshold, spec: 'capital intensive')
FCF_CONVERSION_HEAVY company_id=TCS year=2017-03 conversion=25.8% (<30% threshold, spec: 'heavy')
CAPEX_INTENSITY_HIGH company_id=TECHM year=2013-03 capex_intensity=9.0% (>8% threshold, spec: 'capital intensive')
FCF_CONVERSION_HEAVY company_id=TECHM year=2013-03 conversion=16.4% (<30% threshold, spec: 'heavy')
CAPEX_INTENSITY_HIGH company_id=TECHM year=2015-03 capex_intensity=8.2% (>8% threshold, spec: 'capital intensive')
FCF_CONVERSION_HEAVY company_id=TECHM year=2015-03 conversion=13.9% (<30% threshold, spec: 'heavy')
CAPEX_INTENSITY_HIGH company_id=TECHM year=2017-03 capex_intensity=9.9% (>8% threshold, spec: 'capital intensive')
FCF_CONVERSION_HEAVY company_id=TECHM year=2017-03 conversion=28.2% (<30% threshold, spec: 'heavy')
CAPEX_INTENSITY_HIGH company_id=TECHM year=2018-03 capex_intensity=10.8% (>8% threshold, spec: 'capital intensive')
FCF_CONVERSION_HEAVY company_id=TECHM year=2018-03 conversion=5.0% (<30% threshold, spec: 'heavy')
CAPEX_INTENSITY_HIGH company_id=TECHM year=2021-03 capex_intensity=14.4% (>8% threshold, spec: 'capital intensive')
CFO_QUALITY_ACCRUAL_RISK company_id=TITAN year=2014-03 CFO/PAT=-0.76 (<0.5 threshold)
FCF_CONVERSION_HEAVY company_id=TITAN year=2014-03 conversion=-78.9% (<30% threshold, spec: 'heavy')
CFO_QUALITY_ACCRUAL_RISK company_id=TITAN year=2018-03 CFO/PAT=-0.05 (<0.5 threshold)
FCF_CONVERSION_HEAVY company_id=TITAN year=2018-03 conversion=2.9% (<30% threshold, spec: 'heavy')
FCF_CONVERSION_HEAVY company_id=TITAN year=2019-03 conversion=22.4% (<30% threshold, spec: 'heavy')
CFO_QUALITY_ACCRUAL_RISK company_id=TITAN year=2020-03 CFO/PAT=-0.23 (<0.5 threshold)
FCF_CONVERSION_HEAVY company_id=TITAN year=2020-03 conversion=-4.6% (<30% threshold, spec: 'heavy')
CAPEX_INTENSITY_HIGH company_id=TITAN year=2021-03 capex_intensity=12.9% (>8% threshold, spec: 'capital intensive')
CFO_QUALITY_ACCRUAL_RISK company_id=TITAN year=2022-03 CFO/PAT=-0.33 (<0.5 threshold)
FCF_CONVERSION_HEAVY company_id=TITAN year=2022-03 conversion=13.2% (<30% threshold, spec: 'heavy')
CFO_QUALITY_ACCRUAL_RISK company_id=TITAN year=2023-03 CFO/PAT=0.42 (<0.5 threshold)
FCF_CONVERSION_HEAVY company_id=TITAN year=2023-03 conversion=-9.1% (<30% threshold, spec: 'heavy')
CFO_QUALITY_ACCRUAL_RISK company_id=TITAN year=2024-03 CFO/PAT=0.48 (<0.5 threshold)
FCF_CONVERSION_HEAVY company_id=TITAN year=2024-03 conversion=28.5% (<30% threshold, spec: 'heavy')
CFO_QUALITY_ACCRUAL_RISK company_id=TORNTPHARM year=2013-03 CFO/PAT=0.35 (<0.5 threshold)
FCF_CONVERSION_HEAVY company_id=TORNTPHARM year=2013-03 conversion=-13.5% (<30% threshold, spec: 'heavy')
CAPEX_INTENSITY_HIGH company_id=TORNTPHARM year=2014-03 capex_intensity=10.0% (>8% threshold, spec: 'capital intensive')
FCF_CONVERSION_HEAVY company_id=TORNTPHARM year=2014-03 conversion=19.0% (<30% threshold, spec: 'heavy')
CAPEX_INTENSITY_HIGH company_id=TORNTPHARM year=2015-03 capex_intensity=45.6% (>8% threshold, spec: 'capital intensive')
FCF_CONVERSION_HEAVY company_id=TORNTPHARM year=2015-03 conversion=-127.7% (<30% threshold, spec: 'heavy')
CAPEX_INTENSITY_HIGH company_id=TORNTPHARM year=2016-03 capex_intensity=13.0% (>8% threshold, spec: 'capital intensive')
CAPEX_INTENSITY_HIGH company_id=TORNTPHARM year=2017-03 capex_intensity=13.7% (>8% threshold, spec: 'capital intensive')
FCF_CONVERSION_HEAVY company_id=TORNTPHARM year=2017-03 conversion=15.3% (<30% threshold, spec: 'heavy')
CAPEX_INTENSITY_HIGH company_id=TORNTPHARM year=2018-03 capex_intensity=78.6% (>8% threshold, spec: 'capital intensive')
FCF_CONVERSION_HEAVY company_id=TORNTPHARM year=2018-03 conversion=-280.4% (<30% threshold, spec: 'heavy')
CAPEX_INTENSITY_HIGH company_id=TORNTPHARM year=2023-03 capex_intensity=24.3% (>8% threshold, spec: 'capital intensive')
FCF_CONVERSION_HEAVY company_id=TORNTPHARM year=2023-03 conversion=1.2% (<30% threshold, spec: 'heavy')
CFO_QUALITY_ACCRUAL_RISK company_id=TRENT year=2013-03 CFO/PAT=-1.15 (<0.5 threshold)
CAPEX_INTENSITY_HIGH company_id=TRENT year=2013-03 capex_intensity=12.9% (>8% threshold, spec: 'capital intensive')
FCF_CONVERSION_HEAVY company_id=TRENT year=2013-03 conversion=-4900.0% (<30% threshold, spec: 'heavy')
CFO_QUALITY_ACCRUAL_RISK company_id=TRENT year=2015-03 CFO/PAT=-0.08 (<0.5 threshold)
CAPEX_INTENSITY_HIGH company_id=TRENT year=2015-03 capex_intensity=13.4% (>8% threshold, spec: 'capital intensive')
FCF_CONVERSION_HEAVY company_id=TRENT year=2015-03 conversion=-359.1% (<30% threshold, spec: 'heavy')
FCF_CONVERSION_HEAVY company_id=TRENT year=2016-03 conversion=12.2% (<30% threshold, spec: 'heavy')
CFO_QUALITY_ACCRUAL_RISK company_id=TRENT year=2019-03 CFO/PAT=0.22 (<0.5 threshold)
FCF_CONVERSION_HEAVY company_id=TRENT year=2019-03 conversion=-6.6% (<30% threshold, spec: 'heavy')
CAPEX_INTENSITY_HIGH company_id=TRENT year=2020-03 capex_intensity=23.2% (>8% threshold, spec: 'capital intensive')
FCF_CONVERSION_HEAVY company_id=TRENT year=2020-03 conversion=-84.7% (<30% threshold, spec: 'heavy')
CFO_QUALITY_ACCRUAL_RISK company_id=TRENT year=2021-03 CFO/PAT=-1.57 (<0.5 threshold)
FCF_CONVERSION_HEAVY company_id=TRENT year=2022-03 conversion=19.2% (<30% threshold, spec: 'heavy')
CFO_QUALITY_ACCRUAL_RISK company_id=TVSMOTOR year=2015-03 CFO/PAT=0.25 (<0.5 threshold)
FCF_CONVERSION_HEAVY company_id=TVSMOTOR year=2015-03 conversion=-54.9% (<30% threshold, spec: 'heavy')
FCF_CONVERSION_HEAVY company_id=TVSMOTOR year=2017-03 conversion=-2.3% (<30% threshold, spec: 'heavy')
FCF_CONVERSION_HEAVY company_id=TVSMOTOR year=2018-03 conversion=-47.2% (<30% threshold, spec: 'heavy')
CFO_QUALITY_ACCRUAL_RISK company_id=TVSMOTOR year=2019-03 CFO/PAT=-1.27 (<0.5 threshold)
FCF_CONVERSION_HEAVY company_id=TVSMOTOR year=2019-03 conversion=-93.5% (<30% threshold, spec: 'heavy')
FCF_CONVERSION_HEAVY company_id=TVSMOTOR year=2020-03 conversion=-31.7% (<30% threshold, spec: 'heavy')
FCF_CONVERSION_HEAVY company_id=TVSMOTOR year=2021-03 conversion=12.1% (<30% threshold, spec: 'heavy')
CFO_QUALITY_ACCRUAL_RISK company_id=TVSMOTOR year=2022-03 CFO/PAT=-2.15 (<0.5 threshold)
FCF_CONVERSION_HEAVY company_id=TVSMOTOR year=2022-03 conversion=-110.6% (<30% threshold, spec: 'heavy')
CFO_QUALITY_ACCRUAL_RISK company_id=TVSMOTOR year=2023-03 CFO/PAT=-3.37 (<0.5 threshold)
FCF_CONVERSION_HEAVY company_id=TVSMOTOR year=2023-03 conversion=-141.9% (<30% threshold, spec: 'heavy')
CFO_QUALITY_ACCRUAL_RISK company_id=TVSMOTOR year=2024-03 CFO/PAT=-0.70 (<0.5 threshold)
FCF_CONVERSION_HEAVY company_id=TVSMOTOR year=2024-03 conversion=-41.0% (<30% threshold, spec: 'heavy')
OPM_CROSS_CHECK_MISMATCH company_id=INDIGO year=2013-03 computed=90.71 stated=855.0
SUSPECTED_SCALE_ANOMALY company_id=INDIGO year=2013-03 sales/total_assets=354.0x (>20x, implausible -- balance sheet likely mis-scaled relative to P&L; ROCE/AssetTurnover/D-E/ROE for this row should not be trusted without source verification)
CAPEX_INTENSITY_HIGH company_id=INDIGO year=2013-03 capex_intensity=20.5% (>8% threshold, spec: 'capital intensive')
FCF_CONVERSION_HEAVY company_id=INDIGO year=2013-03 conversion=-1.8% (<30% threshold, spec: 'heavy')
OPM_CROSS_CHECK_MISMATCH company_id=INDIGO year=2014-03 computed=96.11 stated=433.0
SUSPECTED_SCALE_ANOMALY company_id=INDIGO year=2014-03 sales/total_assets=317.6x (>20x, implausible -- balance sheet likely mis-scaled relative to P&L; ROCE/AssetTurnover/D-E/ROE for this row should not be trusted without source verification)
CAPEX_INTENSITY_HIGH company_id=INDIGO year=2014-03 capex_intensity=26.2% (>8% threshold, spec: 'capital intensive')
FCF_CONVERSION_HEAVY company_id=INDIGO year=2014-03 conversion=-12.3% (<30% threshold, spec: 'heavy')
OPM_CROSS_CHECK_MISMATCH company_id=INDIGO year=2015-03 computed=86.33 stated=1904.0
SUSPECTED_SCALE_ANOMALY company_id=INDIGO year=2015-03 sales/total_assets=228.3x (>20x, implausible -- balance sheet likely mis-scaled relative to P&L; ROCE/AssetTurnover/D-E/ROE for this row should not be trusted without source verification)
FCF_CONVERSION_HEAVY company_id=INDIGO year=2015-03 conversion=12.0% (<30% threshold, spec: 'heavy')
OPM_CROSS_CHECK_MISMATCH company_id=INDIGO year=2016-03 computed=80.40 stated=3164.0
SUSPECTED_SCALE_ANOMALY company_id=INDIGO year=2016-03 sales/total_assets=82.3x (>20x, implausible -- balance sheet likely mis-scaled relative to P&L; ROCE/AssetTurnover/D-E/ROE for this row should not be trusted without source verification)
CAPEX_INTENSITY_HIGH company_id=INDIGO year=2016-03 capex_intensity=8.3% (>8% threshold, spec: 'capital intensive')
FCF_CONVERSION_HEAVY company_id=INDIGO year=2016-03 conversion=13.7% (<30% threshold, spec: 'heavy')
OPM_CROSS_CHECK_MISMATCH company_id=INDIGO year=2017-03 computed=88.06 stated=2219.0
SUSPECTED_SCALE_ANOMALY company_id=INDIGO year=2017-03 sales/total_assets=75.5x (>20x, implausible -- balance sheet likely mis-scaled relative to P&L; ROCE/AssetTurnover/D-E/ROE for this row should not be trusted without source verification)
CAPEX_INTENSITY_HIGH company_id=INDIGO year=2017-03 capex_intensity=16.3% (>8% threshold, spec: 'capital intensive')
FCF_CONVERSION_HEAVY company_id=INDIGO year=2017-03 conversion=4.6% (<30% threshold, spec: 'heavy')
OPM_CROSS_CHECK_MISMATCH company_id=INDIGO year=2018-03 computed=86.84 stated=3030.0
SUSPECTED_SCALE_ANOMALY company_id=INDIGO year=2018-03 sales/total_assets=82.5x (>20x, implausible -- balance sheet likely mis-scaled relative to P&L; ROCE/AssetTurnover/D-E/ROE for this row should not be trusted without source verification)
CAPEX_INTENSITY_HIGH company_id=INDIGO year=2018-03 capex_intensity=18.0% (>8% threshold, spec: 'capital intensive')
FCF_CONVERSION_HEAVY company_id=INDIGO year=2018-03 conversion=-1.2% (<30% threshold, spec: 'heavy')
OPM_CROSS_CHECK_MISMATCH company_id=INDIGO year=2019-03 computed=100.53 stated=-151.0
SUSPECTED_SCALE_ANOMALY company_id=INDIGO year=2019-03 sales/total_assets=76.4x (>20x, implausible -- balance sheet likely mis-scaled relative to P&L; ROCE/AssetTurnover/D-E/ROE for this row should not be trusted without source verification)
CAPEX_INTENSITY_HIGH company_id=INDIGO year=2019-03 capex_intensity=8.9% (>8% threshold, spec: 'capital intensive')
FCF_CONVERSION_HEAVY company_id=INDIGO year=2019-03 conversion=2.2% (<30% threshold, spec: 'heavy')
OPM_CROSS_CHECK_MISMATCH company_id=INDIGO year=2020-03 computed=88.62 stated=4069.0
SUSPECTED_SCALE_ANOMALY company_id=INDIGO year=2020-03 sales/total_assets=84.7x (>20x, implausible -- balance sheet likely mis-scaled relative to P&L; ROCE/AssetTurnover/D-E/ROE for this row should not be trusted without source verification)
CFO_QUALITY_ACCRUAL_RISK company_id=INDIGO year=2020-03 CFO/PAT=-28.00 (<0.5 threshold)
CAPEX_INTENSITY_HIGH company_id=INDIGO year=2020-03 capex_intensity=12.8% (>8% threshold, spec: 'capital intensive')
FCF_CONVERSION_HEAVY company_id=INDIGO year=2020-03 conversion=7.5% (<30% threshold, spec: 'heavy')
OPM_CROSS_CHECK_MISMATCH company_id=INDIGO year=2021-03 computed=99.98 stated=2.0
CFO_QUALITY_ACCRUAL_RISK company_id=INDIGO year=2021-03 CFO/PAT=0.26 (<0.5 threshold)
CAPEX_INTENSITY_HIGH company_id=INDIGO year=2021-03 capex_intensity=22.0% (>8% threshold, spec: 'capital intensive')
FCF_CONVERSION_HEAVY company_id=INDIGO year=2021-03 conversion=11.0% (<30% threshold, spec: 'heavy')
OPM_CROSS_CHECK_MISMATCH company_id=INDIGO year=2022-03 computed=97.85 stated=558.0
SUSPECTED_SCALE_ANOMALY company_id=INDIGO year=2022-03 sales/total_assets=28.2x (>20x, implausible -- balance sheet likely mis-scaled relative to P&L; ROCE/AssetTurnover/D-E/ROE for this row should not be trusted without source verification)
CFO_QUALITY_ACCRUAL_RISK company_id=INDIGO year=2022-03 CFO/PAT=-6.51 (<0.5 threshold)
FCF_CONVERSION_HEAVY company_id=INDIGO year=2022-03 conversion=14.2% (<30% threshold, spec: 'heavy')
OPM_CROSS_CHECK_MISMATCH company_id=INDIGO year=2023-03 computed=88.02 stated=6521.0
SUSPECTED_SCALE_ANOMALY company_id=INDIGO year=2023-03 sales/total_assets=51.3x (>20x, implausible -- balance sheet likely mis-scaled relative to P&L; ROCE/AssetTurnover/D-E/ROE for this row should not be trusted without source verification)
CFO_QUALITY_ACCRUAL_RISK company_id=INDIGO year=2023-03 CFO/PAT=-40.07 (<0.5 threshold)
FCF_CONVERSION_HEAVY company_id=INDIGO year=2023-03 conversion=18.1% (<30% threshold, spec: 'heavy')
OPM_CROSS_CHECK_MISMATCH company_id=INDIGO year=2024-03 computed=76.30 stated=16331.0
SUSPECTED_SCALE_ANOMALY company_id=INDIGO year=2024-03 sales/total_assets=56.4x (>20x, implausible -- balance sheet likely mis-scaled relative to P&L; ROCE/AssetTurnover/D-E/ROE for this row should not be trusted without source verification)
CAPEX_INTENSITY_HIGH company_id=INDIGO year=2024-03 capex_intensity=17.1% (>8% threshold, spec: 'capital intensive')
FCF_CONVERSION_HEAVY company_id=INDIGO year=2024-03 conversion=17.9% (<30% threshold, spec: 'heavy')
CAGR_TURNAROUND metric=Revenue company_id=ADANIENSOL window=10yr base<=0, end>0
CAGR_TURNAROUND metric=PAT company_id=ADANIENSOL window=10yr base<=0, end>0
CAGR_TURNAROUND metric=PAT company_id=ADANIGREEN window=5yr base<=0, end>0
CAGR_TURNAROUND metric=PAT company_id=ADANIPOWER window=5yr base<=0, end>0
CAGR_TURNAROUND metric=PAT company_id=ADANIPOWER window=10yr base<=0, end>0
CAGR_TURNAROUND metric=PAT company_id=BHARTIARTL window=3yr base<=0, end>0
CAGR_TURNAROUND metric=PAT company_id=BHEL window=3yr base<=0, end>0
CAGR_TURNAROUND metric=PAT company_id=INDIGO window=3yr base<=0, end>0
CAGR_TURNAROUND metric=PAT company_id=JINDALSTEL window=5yr base<=0, end>0
CAGR_TURNAROUND metric=PAT company_id=PNB window=5yr base<=0, end>0
CAGR_TURNAROUND metric=PAT company_id=TATAMOTORS window=3yr base<=0, end>0
CAGR_TURNAROUND metric=PAT company_id=TATAMOTORS window=5yr base<=0, end>0
CAGR_TURNAROUND metric=PAT company_id=TRENT window=3yr base<=0, end>0
CAGR_TURNAROUND metric=PAT company_id=TRENT window=10yr base<=0, end>0
CAGR_TURNAROUND metric=EPS company_id=ADANIENSOL window=10yr base<=0, end>0
CAGR_TURNAROUND metric=EPS company_id=ADANIGREEN window=5yr base<=0, end>0
CAGR_TURNAROUND metric=EPS company_id=ADANIPOWER window=5yr base<=0, end>0
CAGR_TURNAROUND metric=EPS company_id=ADANIPOWER window=10yr base<=0, end>0
CAGR_TURNAROUND metric=EPS company_id=BHARTIARTL window=3yr base<=0, end>0
CAGR_TURNAROUND metric=EPS company_id=BHEL window=3yr base<=0, end>0
CAGR_TURNAROUND metric=EPS company_id=INDIGO window=3yr base<=0, end>0
CAGR_TURNAROUND metric=EPS company_id=JINDALSTEL window=5yr base<=0, end>0
CAGR_TURNAROUND metric=EPS company_id=PNB window=5yr base<=0, end>0
CAGR_TURNAROUND metric=EPS company_id=TATAMOTORS window=3yr base<=0, end>0
CAGR_TURNAROUND metric=EPS company_id=TATAMOTORS window=5yr base<=0, end>0
CAGR_TURNAROUND metric=EPS company_id=TATAPOWER window=10yr base<=0, end>0
CAGR_TURNAROUND metric=EPS company_id=TRENT window=3yr base<=0, end>0
CAGR_TURNAROUND metric=EPS company_id=TRENT window=10yr base<=0, end>0
